x1,x2,x3,x4,x5,x6,y
0.4216178704826518,0.8310426367011603,1.0,0.8584094164746536,0.906848321733824,-0.4150713429243036,-3.988354623260462
-1.0,-1.0,-0.474561603323792,-0.5951646373151163,0.552992772770849,-0.830374817943369,3.8345048005059086
-1.0,0.5441885485805302,-0.3623490924325656,0.9155302090873508,-0.8728567499436544,-1.0,1.3292676375193737
0.4265739316205259,1.0,0.1300392254433946,0.8434094397128997,1.0,-0.4557902825932391,-0.7330561968507883
1.0,0.7088086301089132,0.4861873709662558,0.6457801481147769,0.5189069817436986,-0.5997980463702055,0.2384562825684965
1.0,1.0,0.7965485402116876,0.4145577309625674,-0.2005302490836251,-0.2786990676737619,0.02522098061481204
-0.2137677836077569,-0.6032269957645904,-1.0,-0.5797489949850421,-1.0,1.0,5.900477219837588
0.5018771777948949,-1.0,0.1829341922591048,0.5233644166992577,0.8157344666843678,0.865727578631682,0.996803074638952
0.6912500354844386,0.9685928697009998,-0.8588866535181736,0.3310892527857496,0.5948602419282278,1.0,5.777424616936028
0.6820012346703481,0.6661702935996927,1.0,1.0,-1.0,-0.243940758295845,2.0069249607135964
0.9022387513748732,1.0,0.5632199395024813,0.3555232006140807,0.6964345461621038,0.6483548648409112,-2.72902044524096
0.3153139532499149,0.8092899979258437,0.7308689159284123,0.9793914497710876,0.8175604954662519,1.0,-1.8476277997591175
1.0,0.8036964309699084,0.81826247447895,1.0,-0.0270663875335113,-1.0,4.335619365726747
0.8543735944719657,-0.4918260730356623,0.6289780683194646,0.1863217418448384,1.0,1.0,-1.5428714467161273
-0.5650029780985555,0.2795733298812606,-0.4299105172099606,1.0,1.0,0.614601763527191,3.8945993932721192
0.0453010918313725,1.0,1.0,1.0,1.0,-0.8122896979683885,-5.580600576649213
1.0,1.0,0.1762678998792011,0.2659854343230154,0.060621279961937,1.0,1.7289761332022449
0.0400885200939142,0.0863240898631594,0.2437466917888595,0.913515360419038,0.4622365400644113,0.8472893321798822,1.5944550045223151
-1.0,-0.675810112536398,-1.0,-0.6611481381600617,-0.6300302186915883,-0.4794225337490789,-1.789979061818921
0.983834277792916,1.0,0.989162433424625,1.0,0.819266824341683,1.0,-9.474274521883942
1.0,1.0,0.8541224671327607,-1.0,1.0,1.0,0.7574262678806216
-0.7149667104822286,0.8285003803729516,-1.0,0.5545073530064268,-0.0671080001545441,1.0,9.203405371427005
-1.0,-1.0,-0.1668674924586444,-0.6240629779176083,-0.6971541177566891,1.0,-2.0745739871836086
0.550035573258048,0.6982090181779599,1.0,-0.6267281458641039,1.0,1.0,-1.5992756056595978
-1.0,-1.0,1.0,-0.4027613680016442,-1.0,-0.7713320190536823,2.858297923401257
1.0,0.7842016488481667,-0.2399707987170891,1.0,-0.8119726511766854,-0.1332088271049918,4.625519062934253
1.0,0.426299814350136,1.0,1.0,-0.3371587782464358,0.1212483130275923,0.45782065015424495
1.0,1.0,0.503721008123009,1.0,1.0,-0.6494331635026098,-2.8747524992042743
1.0,0.0853028289709163,-0.0537664793481513,1.0,1.0,0.5274259565107453,-1.7367089908861553
-0.2558515285421809,-0.4271859824082167,0.7509574025126131,-0.6845537770855337,-1.0,-1.0,2.433960398814778
1.0,0.6837306115758999,0.4326667495168357,1.0,-0.9325733475208966,-1.0,9.947101902619286
1.0,0.168044779436205,-0.3170290590290581,1.0,-1.0,0.834254043831397,6.92450775653897
0.2396359909321022,1.0,-1.0,0.5872062526452091,-0.5055268791300425,-0.3953664931288907,1.8401071246352199
-0.0176994941256578,-1.0,-1.0,-1.0,-1.0,-1.0,6.099013337064948
-1.0,-1.0,-0.1376056806062404,-1.0,0.9581772627249848,0.8693452753855648,0.8356542415415976
-0.2945197580699508,-1.0,-0.8782681627682885,1.0,-1.0,-0.6779905671147639,-2.1264193410402417
1.0,1.0,1.0,1.0,0.8721912932166886,-0.6675511486626671,-5.888929756362264
-0.5057599020968506,-0.1109569172020703,-1.0,-0.8529802292523392,-1.0,1.0,7.208670299723398
-0.3639563699322186,-0.4045249382977147,-1.0,-0.0200207907183342,0.0814922464130813,0.2490316902700327,0.01970642272611578
-1.0,-0.8378767296823513,-0.032446831131967,-0.5456254816843236,1.0,-0.1178849447950225,3.2157381107441587
-1.0,1.0,-1.0,1.0,-0.408263909587321,-0.8630629525149016,3.902719341069293
-0.5475517326157169,-0.6292484170627914,-0.3255428473725306,-0.2746778082422594,-1.0,-1.0,1.4560584948317095
1.0,1.0,-0.0074005273439443,1.0,0.8657795452570698,-0.976136730934501,1.590882034091353
-0.5583565794758778,1.0,-1.0,1.0,1.0,-0.8448975114407336,0.33509539862562365
-0.610159942022777,-0.5357297870204851,-1.0,-0.7056522347588943,1.0,1.0,5.4733164347568275
-0.5504535678378739,-0.3352333056457264,-1.0,-1.0,-1.0,-0.7411556837779683,0.9648245274514036
1.0,1.0,1.0,1.0,0.9877745718058824,1.0,-10.369690245294052
-1.0,-1.0,0.1528053530483322,-0.1605815748419816,-1.0,0.8097964971782428,-3.0237377835844645
0.544672581793535,0.5478895630525982,0.5922714021505029,0.0454290628437921,1.0,0.1841989193011446,-1.3663122537438934
-1.0,-0.4123348122014563,-1.0,-0.5559165122582652,-0.969339313990252,-0.6563613235132821,-1.1773583828707375
-0.6370924184560947,1.0,-1.0,-0.0673590070445395,-0.105176480069747,-1.0,4.765207601420742
-1.0,0.8791008929488926,1.0,-0.8759529731873086,0.9782854676910604,0.7763082135827193,-2.010711945525501
0.2128704161022852,0.0822968295803667,1.0,1.0,-0.6335743567821901,1.0,-1.3399110910410676
-0.2268989312643781,0.4982397561757234,-1.0,-1.0,0.7822044634029683,1.0,9.355177753454928
1.0,1.0,0.3879263983412744,1.0,-0.529984312919598,0.673445717615117,2.59020083677545
0.3009644062369208,-0.9071756247446858,-1.0,-1.0,-0.952945333416243,0.5807330232205334,3.34586293687558
1.0,1.0,0.1181607348284288,1.0,1.0,1.0,-0.35144816379102184
-1.0,-0.4419725310066176,-0.2599277087850256,-1.0,-0.5720048066247303,-1.0,2.8725317259074674
0.1958085078665663,0.4519691814651301,1.0,0.1110155635913567,-1.0,-1.0,0.4488531097019624
0.9973994613926422,0.951121102378228,0.891479824858632,1.0,1.0,-1.0,-5.219465798140585
-1.0,-1.0,-1.0,-0.5375834648889417,-0.3822750095866392,-1.0,2.9541027246387372
-1.0,0.1623694872942021,0.4194902632465098,-0.2079898364545727,1.0,1.0,3.9895737984905395
0.8283193065669106,1.0,1.0,1.0,0.8079539526661819,1.0,-8.808886219525132
-1.0,-1.0,-1.0,-0.6100929994309678,-1.0,-1.0,1.7972318522782844
-1.0,-1.0,-0.4387296176736763,-0.1838883900711567,0.1873906520267172,1.0,0.43263456636773245
-1.0,0.9695674429893116,-1.0,-1.0,0.3974153136319474,1.0,12.58858578203372
-0.7788935367719656,-0.2295387009978757,-0.8617792763830832,-0.158558351635996,0.3189805214638685,0.3852089758285868,0.6223988762444443
1.0,-0.6969002442681438,1.0,1.0,1.0,0.9907161244044485,-5.412106048886952
1.0,1.0,1.0,0.7143236534886572,0.8433632368732233,-1.0,-4.6471897760712775
1.0,1.0,-0.3714306406934988,0.7009206454247556,-1.0,-1.0,9.36686654591589
1.0,0.11673372443718,0.503466802592472,-0.2696071873087726,-1.0,1.0,6.895998276805162
0.2750501553965589,1.0,0.3316883460586723,0.2726491104356636,0.3020357309684394,0.177097028032805,-0.8664198218239478
-1.0,0.0287935231395843,1.0,0.51864064878768,1.0,1.0,-1.1397987195271642
-1.0,-1.0,-1.0,-1.0,1.0,-1.0,4.681730720484851
-0.8591916109105824,-0.4025813715517448,1.0,-1.0,1.0,1.0,-1.5834393187973748
-0.4792626213798763,-0.4489493849398398,-1.0,-1.0,-1.0,1.0,7.104611845506053
-0.4226999775384834,-1.0,-1.0,-1.0,1.0,0.9534276024324376,-1.6619187279925625
-1.0,-0.4255894722468605,-1.0,-1.0,-0.6365903769939898,-0.8938269350171808,2.1890858923836958
-1.0,-0.8686598510231256,-1.0,-0.5969453713867339,-1.0,-1.0,1.819914459858051
0.280011649610498,0.4805761745114336,-0.5367217661691355,-1.0,-0.0553080355919715,-0.9521959522836274,1.5431506408063664
0.5946381986711831,0.7653786871037924,0.1666822882478054,0.865921908454736,-0.8076543455554022,-0.5044919911055283,3.3574118058033413
0.9228336597765664,0.462161178105912,0.9039815086006964,0.9543727303632404,-1.0,-0.6172213455109099,5.158027188362964
0.9592945984368386,0.4982226884447143,1.0,0.7079443351347587,-0.5220261589425577,-1.0,5.421503083883083
-0.3905505562132616,-0.4256707981766892,-1.0,-0.013896326314331,-0.997876056258429,-0.3714080820526442,-1.6600959793615695
-1.0,-1.0,-1.0,-0.6011915604487565,1.0,0.9619323269657862,0.5897513595340622
0.4434626652939966,0.4938961497099572,0.3144538999248145,1.0,1.0,0.0535532481781997,-1.0520735293137933
1.0,0.438117102574884,1.0,1.0,-0.8663369114534418,0.7693961317172926,1.9440820187934622
-1.0,-0.357496868347855,0.6060025601791525,-1.0,-1.0,-0.3848931162725975,0.43223821060121415
-1.0,-1.0,-0.1829587227141824,-0.8134441338506129,-0.2023849690888526,0.726975627679121,-3.3657698268090623
-0.3654876142913883,-1.0,1.0,-1.0,-0.6228950928433836,-1.0,8.144128720309634
0.9305332210752946,0.7184561976437327,1.0,0.165679111834319,0.4873870848647497,1.0,-4.112855847707455
-0.1929917752597729,-0.9405283330031164,-0.8211915268834635,-1.0,0.4401277413087321,1.0,-0.5892677895552187
-0.3113367157160003,-0.1308979856495258,-0.3244150194658921,-0.3176261040042869,-0.5379122087297057,-1.0,1.7460900984931387
-0.8565551471950412,-0.2955368914941574,-1.0,-0.2169063113645113,1.0,1.0,8.097710316812499
1.0,-1.0,-1.0,-1.0,1.0,0.5650279456104237,-7.048775485656305
-0.5733961095852456,-0.5548674755351326,-0.195737426412496,-1.0,-0.8619663587400601,-0.4756147115072786,2.182493933804489
-1.0,-1.0,-1.0,-1.0,-0.1742423166714233,-1.0,3.2324848122895293
0.9105928774657556,1.0,-0.0349143207750415,1.0,1.0,0.0650376805367405,-2.1682209604129064
-1.0,-1.0,-1.0,-1.0,-1.0,-0.2550236951424975,-2.0417366357050746
-1.0,-1.0,-1.0,-0.0809515320583109,-0.9674709014948716,0.0775995329823129,-6.3497193412412365
1.0,1.0,1.0,0.7084599642493035,1.0,0.6323565304693266,-8.566308347876273
1.0,-0.1386665434223173,0.2949384240457038,-0.8105688106451017,0.8247687749548289,1.0,-0.362350680749997
0.4168531243126607,1.0,1.0,0.6043158018334767,1.0,0.810966906574105,-5.558620084313614
-1.0,-1.0,-1.0,-0.4762719235819306,0.1269171356077654,-1.0,4.067038573281259
0.8178497887665561,0.3421722201424044,0.5993350595219178,-1.0,1.0,0.4209537824969203,-1.3842153663129533
-1.0,-0.2979058343987717,0.2619457761603734,-1.0,-0.1041662483915519,0.6124727900689084,-1.5868878989532214
-1.0,-0.9326916102627988,-1.0,-0.7684964690853366,1.0,-1.0,5.1854930903438845
-0.8713262962066299,-0.365428807228999,-1.0,-0.3612637581164428,0.9496731613954692,1.0,7.476427875012262
1.0,1.0,-1.0,1.0,-1.0,1.0,15.863267961300087
-1.0,-1.0,0.3596615653708368,-1.0,0.819863866616354,1.0,-0.42729206058667724
-0.8004621934195264,-1.0,0.9514827902145288,-0.1419447368723951,-1.0,-1.0,3.4242924337221687
-1.0,-0.2699651067235724,-0.5040928927324317,-0.738091809644513,-1.0,1.0,2.2704471023569828
1.0,0.8221515272977944,0.4411397706972053,1.0,0.4598197775831505,0.4269546240455346,-2.268971968491436
-1.0,0.2368138231661185,1.0,0.5059461867587629,0.2952851500171793,1.0,-2.6966795029285455
-0.3984790215004461,-1.0,0.7837839075755533,-1.0,-1.0,-1.0,9.799351353619496
-0.2984802074693065,-1.0,0.3041928262619171,1.0,-0.359033111397067,-0.6986462706231531,2.0716719656301983
1.0,1.0,0.9930673859071226,1.0,-0.4516019504026269,1.0,-1.7411190125521372
-0.576653991565905,-1.0,-1.0,0.1116045263474352,1.0,1.0,4.289871281912325
0.588878275342571,1.0,-1.0,0.76795906317466,-1.0,-1.0,6.751325596185327
-1.0,1.0,-1.0,-0.8275411908741508,0.4451985884844378,-0.2510723421651717,0.10001103804440392
-0.2292746772838989,-1.0,-0.7402595565233407,-1.0,-0.0417210410147868,-1.0,3.603725283327444
0.4092660610565148,0.7861624454476037,1.0,1.0,-1.0,-1.0,3.543722156745213
0.323235645732582,-1.0,1.0,1.0,0.65987002631299,-0.1450336387857664,-0.5371256310380701
0.7729678179701893,0.462858811339309,1.0,1.0,-0.6976438430144165,-0.8804077444340219,4.3847363258403105
1.0,1.0,1.0,1.0,1.0,-0.1977210011733452,-7.559263992474061
-1.0,-1.0,-0.6563689522340919,-1.0,-1.0,1.0,1.617358520028146
-0.2323013827089266,1.0,0.6228515982242364,-0.8312606059783423,0.5151700585405847,-1.0,-0.38119231295622025
1.0,0.9010592461312752,0.5785892686110408,1.0,0.8325174216957689,1.0,-3.490742518109214
-0.7761892887492892,-0.7144572265135805,0.8012059681085266,-1.0,-1.0,-1.0,4.772424766926185
1.0,-1.0,1.0,-0.3901190758748056,-0.1721876657596641,1.0,-0.5110823526209864
-1.0,-0.946638263134638,-1.0,-1.0,0.9384539228293278,0.7355872623141924,-3.7524213347546587
0.6282082238981643,1.0,0.8885293661573164,0.3115130203575103,0.4877261393966108,1.0,-3.0341633879553633
1.0,1.0,0.4158167030028534,0.9206793440254112,0.0578409771425052,0.530399755395329,-0.9072809582607699
0.921413770403548,1.0,0.1476313072146793,1.0,0.9696044365520248,1.0,-0.1420320379136677
-1.0,-1.0,-1.0,-1.0,-0.6199552421735923,-1.0,3.550008850250242
-0.3626905347668694,-0.9492967012366552,-0.0051007891230814,-1.0,0.5886003310956449,0.97030742072998,-0.39948426458514974
1.0,1.0,0.5397526212330213,1.0,1.0,1.0,-3.6954673668118723
-1.0,-1.0,-0.7139360114189122,-1.0,-1.0,-1.0,4.851112686718315
1.0,0.6688755655457352,0.2949641999272159,1.0,-0.038325389324811,0.8476656360933992,0.71853383372553
-0.0010020308491696,0.5236862353457776,-0.0699475228869327,-1.0,1.0,0.2717989725989702,2.200196635977745
-1.0,-1.0,-0.6542871084564252,-1.0,-0.3443550340851002,-0.696638807393112,0.3705867002335017
1.0,-0.0776986936563639,0.4113575258153521,-1.0,0.3249064629480196,1.0,0.3224685366507216
0.8727440640673316,-1.0,-0.9270276363653516,-0.3044233400544374,-1.0,0.9801859922511882,8.295305309571372
-1.0,-0.9104454784941058,-1.0,-0.839066936654079,0.6233259239661304,-0.115250515166186,-4.954500364818166
1.0,1.0,0.2280354857828499,0.964582815517717,1.0,1.0,-0.875941959912595
-1.0,-1.0,-0.208031500244487,-1.0,-1.0,1.0,0.5638601617511503
-1.0,-0.1825661033800036,-0.6376835006689388,-0.2965354199440584,-0.6697925870782349,-0.105455622021549,-1.8529084928421
1.0,0.5045834255598483,1.0,0.1625842900038123,-1.0,0.2515251762090014,3.408976425058796
1.0,0.9139910743445964,0.6238146322904183,0.9028382425883532,0.9199208353566932,-1.0,-1.5641348132673392
1.0,0.1392372382333202,0.8666463121267622,0.1964031153758565,-0.6572394413391496,-1.0,6.7344442886595735
1.0,0.0781537660363491,0.2797633837719999,1.0,0.9997406770563264,-1.0,-0.6745469812819715
-1.0,1.0,-0.9250274407641637,1.0,1.0,1.0,12.019572507531745
0.898388783456868,-0.4508791045342932,0.987829835355871,-0.4327995641687339,0.1523163676854417,0.5569233743135273,-2.1954656632034464
0.0506922066194619,0.2254470378985404,1.0,0.2618997735272395,-1.0,-0.7651327307769384,-0.07557808714273029
0.5122721539704655,-0.0185677430001267,-1.0,-1.0,-0.9036061400651904,-1.0,3.147591696331295
-1.0,-1.0,-1.0,-1.0,0.1822824805623935,1.0,-2.3699086896843573
0.1266253997139954,-0.8422170033439547,1.0,1.0,-0.1911276268753581,-0.5780582864427768,1.2437213359430004
1.0,1.0,0.1582836313936269,-0.2480386683537292,-0.9339800450208788,-0.7482948416555806,4.447629273307272
0.4861156645003603,-1.0,-0.4776671613159902,1.0,0.9535481283855852,1.0,1.9500264902955278
0.1301668048238691,1.0,-1.0,0.4404893588025007,-0.8417083548355657,-1.0,3.475809942977963
-0.2195109909688974,-1.0,-0.8002885791701002,-0.0618821972835537,-1.0,-0.1159248345363606,-1.563200357862094
-1.0,-1.0,1.0,1.0,1.0,1.0,-0.8894907464462032
-0.5321525282990953,-1.0,-0.0057439054337653,-0.1119593200963047,1.0,0.6206988232041164,1.8172487081811588
1.0,0.6925456010111437,0.7195387720367994,1.0,-1.0,-0.0043232363084022,3.9277018908913828
-1.0,-0.2386863749272751,-1.0,-0.2128927346853708,1.0,1.0,8.402578022800148
-1.0,-1.0,-1.0,-1.0,0.2416508106167951,0.924232464215306,-3.429179537494634
-1.0,-1.0,-1.0,-0.4019279980491772,-1.0,-0.996810878083558,0.6848150504165842
0.0608699556653011,1.0,1.0,0.6718653116357811,0.3903089523208778,-0.7105534542506895,-2.85892827337506
-1.0,0.9324423445119314,1.0,0.2539944428220069,0.4422364368120874,1.0,-3.724129030945096
-1.0,-1.0,-0.2292249331670348,-0.0014077323825594,0.418813688666672,0.5646536541222016,-0.3002321418803249
-0.1522294449013181,-1.0,1.0,-1.0,-1.0,1.0,3.9246687253548584
0.347389400657937,1.0,0.0334863725482801,0.22793987000047,-0.2329352762448988,-0.1502796590404389,0.27880332341969805
0.6043186301362056,1.0,0.260900455464585,1.0,0.6258252003118576,1.0,0.2453438836095656
-1.0,0.4973798070211075,0.1685169616767456,1.0,-1.0,-0.4161951131772001,-1.7840728515657942
0.1082772856041351,1.0,-1.0,-1.0,-1.0,-0.2975487483056689,2.6206848139608097
-1.0,-0.314527832954484,0.167415064368273,0.4524756315742082,-1.0,0.4738407310399501,-2.8270716572783785
-1.0,-1.0,-0.7631982071308157,-1.0,-0.5305624933631181,-0.3532998607794513,-2.308330619256825
-0.5639184094299672,-1.0,-0.558249158922673,1.0,0.2980277258522807,1.0,3.3055179755419672
0.9074712487673527,0.875837842911166,0.1857435700942027,0.7139044577105957,1.0,1.0,0.852600280125924
-1.0,-0.6699458135646139,0.9966488853935958,-1.0,-1.0,1.0,-3.188651429675832
-1.0,-1.0,1.0,-0.1360163663918256,-0.4709518107393218,-1.0,5.8646289038712105
-1.0,0.5032479314772416,0.3858721776895735,1.0,-0.3845084818617619,-1.0,2.327267451795252
1.0,1.0,1.0,0.312059592608682,-0.5592530182012043,-0.5704581913606881,1.7207437965802508
0.7724012501417332,0.1303229764679487,0.3659743795652075,1.0,-0.4819376627630518,-0.989382241739204,5.964535309871112
-1.0,-0.1183973603362811,-1.0,-0.6536848839940983,1.0,0.6130163259037196,2.527835569960731
1.0,0.0165446095386172,1.0,-0.7521673428509437,0.2176916190209681,0.8985610952729572,-3.6894232533972966
-0.6612873660523266,-0.0127166177238136,-1.0,-1.0,-1.0,-0.7882616097931356,0.07406659717232189
1.0,0.5934009284324686,1.0,0.8207879918194203,1.0,-1.0,-3.5781548153018488
0.917844759427242,1.0,1.0,0.2437739712553006,1.0,1.0,-5.6429543799202
-1.0,-0.9915123642267536,-0.1505571796193852,-1.0,-1.0,-0.5551745790243696,3.9572844105847658
-0.4018119845972516,-1.0,-0.0700228798708859,-0.3364187212584555,-0.5900418453692127,1.0,1.1015476684964
0.4187025280410485,1.0,0.5672595347221434,-0.1168964603174103,1.0,1.0,2.3546275837901898
1.0,1.0,1.0,1.0,1.0,0.96919617851095,-10.479579160947662
1.0,0.0277676889561464,0.0740319395709121,1.0,0.5806526139459098,1.0,1.0584186886605365
-1.0,-0.7920480145844446,-1.0,-1.0,1.0,0.830919871436425,-0.2867656353623902
1.0,0.7090389030170627,1.0,1.0,1.0,1.0,-8.634917929075806
-0.5014583634824481,-0.4615320533876506,-1.0,-0.5428048105907075,-0.602027835295537,-1.0,2.790917440054354
-1.0,-0.1066207145483968,-0.7878599696846613,-0.741079742804766,0.3421859766906934,0.8118621584434942,3.1499950879408187
-1.0,-0.4543341523526252,-0.706197849185892,-0.9146681544330212,-1.0,-0.3556055817115473,-0.4790080082054913
1.0,0.4025738597164745,0.1174297797307972,0.690214287818361,-0.0643219557786676,-0.7547672705368709,3.3538130278393012
0.2336380891820555,1.0,1.0,0.5148889606462241,-1.0,-1.0,-0.007751226324446359
-0.7193049467067374,-1.0,-0.0510021484056968,-0.3023723318591202,-1.0,-0.127672125972416,0.34352573578314216
0.1648442213879044,0.3407292534469841,-0.2866725761190103,1.0,1.0,-0.1193113765918765,-0.08512415838955445
-1.0,-1.0,-1.0,0.0455732065594298,1.0,-0.2714384007076988,-4.025212459280726
0.120498847422594,-0.4584368078548104,0.5810157627740744,-0.8640957322777105,1.0,0.9850950432250618,0.6566877468485457
-0.3112824532786695,-1.0,0.9251393617157476,-0.4141513863126906,0.2305718062822381,0.5274144017632745,-0.3602399969015504
0.4733596768462529,1.0,0.7324377788178924,0.875024307872422,1.0,1.0,-2.6883939016807146
0.6682788503821424,0.3554213215839767,0.6229798274715328,1.0,0.9224829064505292,-0.1477607447275764,-2.0221902775767333
-0.9681484841806632,-0.6151860189024394,0.1214897969197026,-1.0,-0.9354348928468236,0.9965995700743566,0.3390509685124975
1.0,1.0,0.3753218001395924,-1.0,0.6785891465196785,0.2433586963860969,-0.656384947024347
-1.0,-1.0,-0.8311899587841711,-1.0,-0.3412173948516892,1.0,-1.9705024220438199
0.2805846708865667,1.0,-0.6691654263245324,1.0,1.0,0.3659327397463496,0.38325660167352005
1.0,1.0,1.0,1.0,-1.0,-0.5256988409017382,5.574146063235286
-0.9847335840052084,-1.0,-1.0,-1.0,-0.8445283748016885,-1.0,3.9858183916728196
-1.0,-1.0,0.5312979060207998,-0.8800495914793292,-1.0,-1.0,6.947925395830947
-1.0,-1.0,-1.0,-1.0,-0.1512755077918572,0.014582093188449,-6.677923616015895
-1.0,-1.0,-1.0,-0.4191996453162054,1.0,-1.0,4.546070756088973
0.6692217841726664,1.0,1.0,0.2877719386213255,1.0,0.9819503964879596,-4.597431426017737
-1.0,-1.0,-1.0,-0.8167070147911004,0.2907512667710474,0.3439921047249081,-6.268733043528689
-0.9289585360864095,-0.2974276705537857,-1.0,-0.0594200141756258,0.0049495906962993,0.2043876480978876,-0.7410842316001145
1.0,0.9417575569231398,1.0,0.4764010446838074,0.3114878675024777,1.0,-5.264123107414831
1.0,1.0,1.0,-1.0,1.0,-1.0,-3.672448498795987
0.956988291187724,0.6051909206689607,1.0,0.5770068099236056,-0.7298844424595798,-0.3170816091626132,3.069970921042268
-0.0603675362339755,-0.5944141519628234,1.0,-0.1564700522575386,-1.0,-1.0,2.020879809106619
1.0,0.9747800374044536,0.020240979013594,1.0,-0.8679891770495152,0.9444448655822576,7.877100071258035
1.0,-0.0887443996752139,1.0,1.0,1.0,-1.0,-3.298050088720175
1.0,-1.0,-1.0,1.0,1.0,1.0,-3.894178448777386
1.0,1.0,0.3001540980993045,0.5860621727412303,0.3815206752167107,-1.0,3.081330719624943
-1.0,1.0,1.0,1.0,1.0,-1.0,-3.6482780684480494
0.9485923236593984,1.0,-1.0,-1.0,-0.4500759445284281,-1.0,7.521358487692626
0.512770631782252,-0.0120961477797416,0.4603265253988504,-1.0,1.0,0.2343022320194785,-0.26550001404056034
1.0,1.0,1.0,0.3393072137356587,1.0,1.0,-6.544374108903971
0.9190669315567128,1.0,0.905486441448289,0.0764978498408213,-1.0,-0.7174860713022935,2.843278355735639
-1.0,-0.2529903583811332,-1.0,-1.0,-1.0,-0.1382350598198862,-1.9114750375461516
1.0,-0.3358884227727199,0.0550753778884036,1.0,-0.0937964032849203,-0.5102308108625593,2.328519447339617
-1.0,-1.0,0.3671434399729045,-1.0,0.5540284033310308,1.0,-2.362461688323781
0.473377697644455,1.0,1.0,1.0,1.0,0.4242342462883659,-7.722879051674414
-0.8412478536435084,-1.0,-1.0,-1.0,0.9464373514112296,1.0,-1.0315022664528386
-1.0,-0.8164784729041372,-0.2426602066672825,-0.0849241995245966,0.5677793407617775,0.1996694970799049,0.3590543146084386
0.7635440273862928,1.0,0.1057377675523403,1.0,-1.0,-0.4113186529514028,5.489059844082016
-0.0801617066031283,0.72621492259616,0.660346834044903,-1.0,-1.0,0.7104462618288225,2.0906594141712174
1.0,-0.4232886971179421,0.8623969505141462,-1.0,0.6114808516003267,0.9002781785979812,-4.96215951911242
-1.0,-1.0,-1.0,-0.8087509214016184,-0.3753437124542569,-0.6478606798967323,-1.5434671768437898
0.6252264380586414,-0.4410668483262263,1.0,1.0,0.8935497676879351,1.0,-3.2499928859775027
1.0,0.5623081987406378,1.0,0.0105484890524336,1.0,0.4584662565709068,-4.726771708980787
-0.5988651189539205,-0.0236991514768041,-0.3486558218578613,-1.0,0.3835655017566457,1.0,3.838949698405175
-1.0,-0.6744708920300526,-1.0,-1.0,0.8476640993149753,0.5558213790738797,-2.0145995032273634
-1.0,-1.0,-0.1228721466919307,-0.5426686415580979,-0.8166583351206882,-0.4185934479592628,0.43160767981473624
1.0,-0.2000117964913654,0.5272563949026645,0.6073150965785001,-0.3174607047260176,1.0,2.596643908384755
-0.5111006729367618,-1.0,-0.1030295569305166,-0.8484837983874862,-0.2268986450852346,-0.6175443020283189,2.134851862575175
-1.0,-1.0,-1.0,-1.0,-1.0,-0.1027803114515584,-2.7286787129310612
1.0,1.0,0.4212980583530332,-0.1424710441539851,1.0,-1.0,-0.5059841932759181
-1.0,-1.0,-0.2338501594465598,-1.0,-1.0,-1.0,6.096794700735333
-1.0,-1.0,0.4736780789191792,-0.5819957671136919,-1.0,-0.0507532385560409,0.6557230853769953
0.9676895133826248,0.1913047265516845,0.7774703920283275,1.0,-1.0,-1.0,8.353918970886298
-1.0,-1.0,-0.1546573727798792,-0.8145925460684671,1.0,1.0,2.3086630496788922
0.6327728292970876,0.760386733167745,1.0,0.2540621251540642,0.1716629852860751,0.6442946301710255,-2.865610168213271
1.0,0.873797759728071,-0.0299852088842553,0.5341647766808604,0.8360397035226927,0.0124244113094902,-1.2865456685067491
-0.5529343527062875,0.2905002678548969,0.3290443632548023,1.0,0.7754460786578641,-1.0,2.3603407045257354
-0.267465561765406,-1.0,-0.0893058976949334,-0.6782747376002516,-1.0,-0.3627976532480625,3.4955950869344052
0.3919987060586898,0.2413410819540531,1.0,1.0,0.1479963745997492,0.9269795551679444,-2.719556347298984
-0.302758884905677,-0.1584448424786619,-0.6873120425949408,-0.2409003223892691,1.0,0.7187116295829972,2.874195206418853
1.0,1.0,1.0,0.6710252827972996,0.1370990526294087,0.6910504560060182,-4.9300030575701195
0.8567473106660795,1.0,1.0,-1.0,-0.768703733709746,-0.1414020650086573,1.123297201805818
1.0,-1.0,-0.5049730905530143,-0.659253053075874,-0.726072714656192,1.0,6.838582420995019
0.6505192290834716,1.0,1.0,1.0,-1.0,-1.0,5.295940169795162
-0.5443304401551363,-1.0,0.0850886976730951,-0.4984697599409333,1.0,1.0,2.7868277045487813
-0.3986599842996401,-1.0,-0.0014736686876444,-1.0,0.3130105791902405,-0.7781622380648214,3.5085654200742686
-0.1883455255416621,-1.0,-0.0965972882493868,-0.7313531656430123,1.0,1.0,1.5554173032066454
1.0,0.9146129827041624,-0.8575643065152081,0.6382834621611644,-0.0652052476414313,-0.6477152590243451,3.1727066406666413
0.0567665818285871,1.0,1.0,-1.0,0.7802397223619619,1.0,0.3988522227808917
-1.0,-1.0,0.3751048834160517,0.6163775380244332,-0.2651400822169876,-0.0375737207072239,-0.6173141410885052
0.374814573379161,1.0,0.4886466297640095,0.1178761924149149,0.8459216935836762,1.0,1.9407690386001621
-1.0,-1.0,-1.0,-1.0,-0.2265510822024485,-0.7822511326975277,-0.21434374908443088
1.0,1.0,0.8698966780394768,-1.0,0.3118656866026204,0.3210467822412781,-2.204278891763942
-0.1054305503583559,-0.4045856196796857,-1.0,1.0,-0.3373691251669974,-0.3846342189809757,-1.3346980934793644
-1.0,-0.5861586936771563,-0.4963141376813496,-1.0,1.0,1.0,5.256557205817529
-0.0917559789816035,-1.0,-0.956330718108508,-1.0,-1.0,-1.0,5.997761291482486
-1.0,-1.0,-1.0,0.0052772595556267,-1.0,-1.0,-0.962345907363181
-1.0,-0.6769968721604311,-0.185866135184247,-0.3720783971060077,-0.3671648826575857,-1.0,3.1770842675788016
1.0,-0.4977871556837459,-0.8769099959625173,-0.7767829197564469,0.7371961615411133,-1.0,0.7633655186671671
0.3458062103430022,0.0485811909999052,1.0,-0.579104446668554,-0.1452563686443355,-0.644174946842974,0.5817784671763759
1.0,0.2699218644255743,1.0,0.4223736753697196,-1.0,0.2052072407905891,3.890635621907861
0.8824640573135276,1.0,0.1131275694375564,0.3145708323274674,0.4733258025658158,-1.0,2.4170331424967513
1.0,0.6087447675293018,-1.0,-0.6072817658234997,-0.3308999984816729,-0.4965222913455021,1.9888416166402052
0.816980788242333,1.0,0.1474654859116335,-0.1680630369125706,0.6768999641383648,1.0,2.611733259046413
-1.0,-1.0,-1.0,-1.0,-0.268515984218616,-1.0,3.247572063578942
0.202609001644334,0.4070239578917913,1.0,0.8373426716059214,-0.2775565612201438,0.3044307103457295,-1.3073247558314824
-1.0,-0.9979513655539096,-1.0,-0.0457224085222476,0.8910361241024374,-1.0,4.018894250702996
-1.0,-0.3120198012832216,1.0,0.9017010148997808,-1.0,-1.0,-1.6203954626102444
1.0,0.919752341470419,0.6116132996467303,0.7604343372317526,0.7701800992083745,0.188561716951416,-3.64136295742654
0.3582656518955036,0.8943277574621011,0.2714580944342335,1.0,1.0,1.0,1.9210919028897546
-0.4344876800453423,-0.9540802265413382,-0.9931152873926964,-0.8939537240133926,-1.0,-1.0,4.296449969765635
1.0,0.0627330183933243,1.0,1.0,1.0,1.0,-6.520704171200823
1.0,0.5837841536638606,-0.2205090326747465,0.1442559516355646,-0.028040986391018,-0.3319387242251932,0.8519778204014471
0.5263867147850783,0.6305974488208568,1.0,0.9489825198997242,-0.0284045574594031,-1.0,1.4908655882418964
1.0,0.7690171728406745,0.4859734391328527,1.0,1.0,1.0,-2.3289659390301587
1.0,0.3137471228715924,1.0,1.0,-1.0,-0.7383673649964468,6.2216084418033395
-1.0,-1.0,-1.0,-1.0,0.260469997432561,-1.0,3.471874978062142
1.0,1.0,0.4956248923402957,0.5477433695028522,0.1266080167341117,0.7142813862115533,-1.426164525195322
-1.0,-1.0,-0.9412838981706628,-1.0,0.7058172770714577,1.0,-1.7441396755197667
-1.0,-0.1618765107544433,-1.0,-0.1839711930351499,1.0,1.0,8.809229437334025
1.0,1.0,1.0,1.0,-1.0,-1.0,8.794950265807518
-1.0,-0.8983454360619791,-0.0342484297133449,-0.2748806444716838,-1.0,-0.1122751551684984,-1.1786217172700584
-1.0,-1.0,-1.0,-1.0,-0.3892760222528095,-1.0,3.306525934553086
0.4886482432959032,1.0,1.0,1.0,-0.9918621221873184,-1.0,4.050580065580928
-1.0,-1.0,-1.0,-1.0,1.0,0.1893325584633758,-6.863607503683443
0.2082010618190275,-0.4038557116898076,-1.0,-0.4640308523355874,-1.0,-1.0,2.087619096877666
1.0,1.0,0.1645626440356127,0.5843532871686383,-0.2945768143892378,1.0,3.085963150479154
0.4229727143300907,0.1485653507388675,0.5611227005130763,0.3091253629531736,-1.0,-1.0,3.515771906697262
-1.0,-1.0,-1.0,-0.4527917745475298,1.0,-0.2978420168164963,-4.0370115290825295
1.0,0.5436287039128134,0.5018598798068372,1.0,-1.0,-0.0374359336645355,3.92768095752238
-0.8170986932334459,-1.0,-0.8645355376289108,-1.0,1.0,0.6524142009518088,-3.573926956551004
-0.7221734308472234,-0.324885117606031,1.0,-1.0,1.0,1.0,-1.463095955205006
0.5274256859990125,-0.5827569542737117,0.4972520850274238,1.0,-1.0,-0.570281982813718,4.052638043492536
-0.6165490946432628,-1.0,0.4949979321174691,-1.0,1.0,-1.0,8.627901961875974
0.2757003453668727,1.0,0.7657099660096627,1.0,1.0,-0.0359335907173392,-4.2970686274687235
-1.0,-0.3633516812639941,-1.0,1.0,-1.0,-0.2282171755933786,-4.882524650597315
-0.1316715770872063,-0.6945472121919931,-1.0,-0.9927741496813656,1.0,-1.0,3.702927571480118
-1.0,-0.0131536204315434,-0.8527694970828192,-0.5834465382029075,0.2179446961773963,1.0,6.218820883577372
-0.6045236990601961,-1.0,-1.0,-0.980556916125468,1.0,1.0,-0.788884557171587
0.8069200171380491,0.3621568622467204,-1.0,1.0,1.0,1.0,3.4492889144612118
-1.0,-0.3928105803193906,-0.972510269722,-1.0,-1.0,0.9936106160581591,5.360098513676488
0.0290807626388032,1.0,1.0,0.6096762575762253,0.1888356222050697,0.0558250129341002,-3.4868771563097383
-0.0221260943478245,-0.8509236226416932,-0.2214882953576096,-1.0,-0.2766730026047972,-1.0,5.273279368955432
-0.1215728946237739,-1.0,-0.911266721988666,-0.5364753898376347,-0.6725097273312146,-0.6886383163256087,0.4396698768570132
-0.1898639405481714,1.0,-0.81283776729864,1.0,0.7495287446150294,1.0,7.33312556045325
-1.0,-0.3174169557897066,0.0320864329463106,1.0,1.0,0.7175923580863295,4.472555346796391
0.7709875096568428,1.0,0.1453527015022575,-0.1469238141226555,0.1483744911694995,0.3321736644637882,-0.31051290137199716
-0.112125608341115,-1.0,1.0,-1.0,0.871253359277053,-1.0,6.6149107725343415
-0.770950313821122,-0.95948216869729,-1.0,-0.4277314104257845,-0.4957455148045449,-0.461232454194344,-2.308516590505298
0.8310599113983064,0.4995602796851792,0.0870515816913657,1.0,1.0,1.0,1.4238335297528653
-0.4626451213060232,1.0,-1.0,-1.0,-0.3670884777830363,-1.0,2.4413970638336018
-1.0,-1.0,-0.4341035151226089,-0.3182939263891811,1.0,-0.6823365226676457,3.654964798033956
-0.2316963380355656,-0.9957409345127004,0.9602407595810272,0.8872466168745567,1.0,0.9513757889456886,0.8382598522459233
0.1244687396229602,-0.3739987637273816,0.7347588205747306,0.2830001172558247,-1.0,-0.8415782500791085,2.0383202597493373
1.0,1.0,1.0,1.0,-0.5419767780648659,0.7225846697333077,-0.949061558831308
-0.7900431871657474,-1.0,-0.1009427400667331,-1.0,-1.0,1.0,2.314753627829816
-0.6244780707667492,-0.1198679678794159,-1.0,-1.0,-0.8257917999946982,-1.0,1.905171982462602
0.4111445761462009,0.723817149509558,1.0,0.7715934248637848,-1.0,-1.0,2.6627110982282565
-1.0,0.9778899041904028,-1.0,-1.0,0.3587182206131443,-1.0,3.2167708922191594
-0.2865866410541464,-1.0,-1.0,-1.0,0.3836085873611052,1.0,-1.1978344359239166
0.0028967762506506,1.0,0.651747280838485,0.920962382249463,-0.5495720283427816,1.0,-0.2657759642570232
-0.9493584940251888,-0.3241886129195477,-0.918620647049109,1.0,0.0942533347018037,0.2047002073921349,-1.4142098130646328
-0.149921901332481,-1.0,-0.943907903039932,-0.7342988037801914,1.0,-1.0,2.5978806215691472
0.8460819556628427,-1.0,-1.0,-0.4522057448076189,1.0,1.0,-4.098887462158906
1.0,-0.6242886513729982,-1.0,-1.0,-1.0,-0.645176951145779,8.988953685239728
-0.8214504556123974,-1.0,-1.0,-1.0,-0.5820269124004616,0.9166310720925012,-0.5161604980192784
-1.0,-1.0,-1.0,-1.0,-1.0,-0.3046676709146469,-1.7714989998554935
-0.3670971472250754,-1.0,-0.1416751000423572,-1.0,-1.0,-0.0123736388553061,4.073758462854683
-0.1594895870434598,-1.0,-0.0725002139528716,0.2132530619969506,0.7137692744471977,0.7803490580452368,1.536536382436319
0.2030431791742823,0.1658440726710386,1.0,1.0,1.0,1.0,-2.4585758882011213
0.54075858034014,0.8668671729713882,1.0,0.979995063167834,-1.0,-0.2276571721920659,1.0355613103689565
1.0,0.3805372739603698,1.0,0.3175042653258244,-1.0,1.0,3.820069153754659
0.8196952655837693,1.0,0.9087266273135632,0.4987924216271791,0.8503417693026838,-0.5293064246363341,-3.8768088233501894
-1.0,-0.6422449084870538,-1.0,-0.5192808982284396,-1.0,0.0847396537710991,-3.9549628014593328
-1.0,-0.0854851026061729,-1.0,-1.0,-0.6383279498937757,-0.434844498009775,-1.3789438930126747
-0.0061700350374498,-0.6158606037978871,-1.0,-0.5382923988278459,1.0,0.6671057506745954,-0.06256545707894101
-1.0,-1.0,-1.0,-0.5506818391929309,1.0,1.0,1.5258624688805416
0.7081184279018451,1.0,1.0,0.2724919716662903,1.0,0.1182873704122451,-4.888919782979352
1.0,1.0,0.934529536521992,0.0816669708630479,0.8774173018224565,-0.6465261159835443,-3.600598411651796
0.8743246077603819,1.0,1.0,0.7284951771242789,0.2471586526660676,0.1684664801571209,-3.9652796949418656
-0.6790240243815238,-0.5698957550521442,-1.0,-1.0,-0.5802385353434321,-1.0,3.495939298592792
-1.0,-1.0,-0.2586606967707454,-1.0,1.0,0.9391973781592926,1.1814438983626943
-1.0,-0.3076248245111976,0.9756728605054644,-0.8206580374455965,1.0,0.1706488504471335,-0.053752999916833466
0.264383156426881,1.0,1.0,0.3994362633955333,-1.0,-0.1069885402053192,-1.9024876029080493
1.0,0.2151993708108281,1.0,1.0,-0.7578586782603698,1.0,1.749658701436689
0.2552402939541964,-1.0,1.0,0.7081797066313769,0.0839995253068917,1.0,-0.05117676279009031
1.0,0.879231772085026,0.4105196098827717,0.2058404608832131,-0.0505285876197745,-1.0,3.8739368090988426
-1.0,-1.0,-0.937657887746944,-1.0,1.0,0.8895165308331183,-2.261254742764663
-0.5601607820115648,-0.1090886214462329,-0.9195499119506544,-1.0,1.0,-1.0,5.120371029851787
1.0,0.9921765446050336,0.3976037306456095,1.0,0.7459665663199673,1.0,-2.0952008633042007
-1.0,-1.0,-0.5708838876813902,-1.0,-0.4458646000424229,-1.0,4.026921070061547
1.0,1.0,-1.0,1.0,-0.5405975697771852,-1.0,9.928805678699671
-0.9476541799446204,-0.3589171903842085,-0.1895007664744477,0.5187911582975084,-1.0,-0.8285500765419473,-0.8643188041153458
-0.8506945125024321,-0.1960610970991825,-1.0,-1.0,0.0356976356593432,-0.5363326373225568,-0.3872967432755161
1.0,-1.0,-0.1567401125191905,-0.5808291633216849,-0.0552961261430664,-1.0,7.162785761166836
-0.7570273887281511,-0.7075897189194005,-0.7877484453261057,-1.0,-1.0,-0.4529772524042996,1.1548736981037107
-0.2470533195249813,-1.0,-0.7504444034401119,-1.0,1.0,1.0,-0.45993849012072485
1.0,0.7337638256509196,0.2671950376397087,0.6144709004503246,-0.0092344533699606,-1.0,5.10976186697502
0.1609264546911926,-1.0,0.4336411751487012,0.9857241056964234,-1.0,-1.0,6.6233822096606625
-0.4574277021119894,-1.0,0.934246792835774,-1.0,-0.9704500672107196,1.0,2.1743297266850403
-0.2297061381417342,-0.903114257797976,-1.0,-0.1356090940944527,0.3189354560118367,0.6305087149842263,-0.32879617111266657
-0.1706092729085511,-1.0,-0.0395664234379591,-0.2122739442800254,1.0,-1.0,3.8559089499511288
-0.200143473971657,-0.4540014290286984,-0.3781094796818858,-1.0,-0.1142579180127392,1.0,2.1053855250722977
1.0,1.0,1.0,1.0,1.0,0.2402312823955201,-9.00975704368718
-0.3778961572969666,1.0,0.980850289550566,0.2380324863380791,1.0,-0.1294813590453354,-3.1167619367353536
-1.0,1.0,0.8283334078516875,0.1679613594155,-0.3725840859042637,0.3164694296612842,-3.255923784784348
1.0,0.9751935230628485,0.296679526189429,-0.8681426110422723,-1.0,-1.0,8.01004402853358
-1.0,-0.6291415338506456,-0.8481122653749396,1.0,0.1524754774546275,-1.0,2.015270539728572
-1.0,-1.0,-0.8356347371802966,-0.7564602993082512,1.0,1.0,0.9847625158289607
1.0,1.0,0.4223830432067177,0.8801770188398639,0.969282457526406,-1.0,-0.7928062942790368
0.2503113569010537,0.3125429779133493,1.0,1.0,-1.0,-1.0,2.1007814984915223
1.0,0.6178247643089709,-1.0,1.0,1.0,1.0,2.1982569214476158
1.0,1.0,1.0,1.0,1.0,1.0,-10.408880037370022
0.129227799730341,1.0,1.0,0.2769708166961959,-1.0,-0.6756085475409284,-1.8029964021306129
-0.0188574477953524,-0.7415464013433806,-0.1327599865315532,-0.1757722851861536,-0.1344542063864726,0.0468042878335346,0.04468748895133445
1.0,1.0,1.0,1.0,-1.0,-1.0,8.794950265807518
1.0,-1.0,-0.9142042622629104,0.5402632661423024,1.0,-1.0,-7.946212584822878
-0.4976476553344016,0.2558009391546503,-0.2695985581910456,-0.9595918868979628,0.2239947072077164,0.0951939937385073,0.11739693812448282
0.9617715081255458,0.4315589159681559,1.0,1.0,0.6508802036740784,0.9457534247078828,-6.18853534839524
0.2952977810228407,-0.2792482675116816,0.2926410682794129,0.1168490925536702,-1.0,-0.8515309678707983,2.755331088209732
-0.7919103732337751,-1.0,1.0,-1.0,-1.0,-1.0,8.014313351748154
0.397054077521308,0.6034243715632741,0.5364420755013874,1.0,0.6443185956450572,-1.0,0.9858089918539132
0.7626165860653742,0.0892118872249529,1.0,1.0,1.0,-1.0,-3.0575033068222757
-0.162816418687888,-1.0,-1.0,0.96142136532306,-0.485059802142757,-1.0,-0.5689291345597378
1.0,1.0,0.0619994649593704,0.5368395894613238,-0.14647134893058,0.8582885364705897,1.771618133176529
1.0,-0.6320859317643264,0.9439629873259578,1.0,-1.0,-0.712079777899898,8.495744938072232
0.64913905798839,1.0,0.1154633529488187,0.6905770019301949,-1.0,0.1041434055979695,2.564508582662188
-0.5961111199943039,-1.0,-0.1681924874960105,-1.0,0.6239895150902053,0.1205092977209674,-0.785081198501872
-1.0,-0.1135970004446935,-0.2663269374856396,-0.0089258629753126,-1.0,-1.0,-0.8927805968339004
0.1226649115276825,1.0,0.9953526508115752,-1.0,-0.8922496233282542,-0.9672742791969164,-1.8191070642356848
-0.1823848979225824,-0.7262085461764549,-0.8219204870475496,0.5851648031421715,0.5570545714319792,1.0,4.8648807133475165
-1.0,0.1422173300988318,-0.8135283750961673,0.6550870738850172,-0.075830536928134,-0.7572302082026585,1.9461129492278753
-1.0,-1.0,0.5512446935096811,0.1419240146147844,1.0,0.344351312751451,2.7542897499317913
-1.0,-0.5924879740355329,-0.2990031503463326,-0.3944771517089813,-0.6928266770702913,-0.0818313367186598,-1.546235003947978
-1.0,-1.0,-0.8469669754873193,-0.1505302072436056,-0.290250227969814,-0.7720504137770625,-0.017156990326904986
-0.8752765702145173,1.0,-0.8232750910244699,0.7586619015654856,0.4619370145014454,1.0,9.032187943453698
0.966518828139376,1.0,0.3508493975161511,0.1153710157438827,0.7477821917059175,1.0,0.5654714487595909
-1.0,-1.0,0.2386338361188984,-1.0,-0.5322207894546727,-0.4145327745692635,2.0605075494585963
-0.1247238175461276,-1.0,0.2436378670162364,-0.4626650085619479,-0.1948230104261938,-1.0,5.2617413510053055
-0.475566692471471,-0.4077154909877698,1.0,-1.0,-1.0,-1.0,1.6004529318403962
1.0,-0.102237212501099,0.3966678842908515,0.3975381250480159,0.7148216378484853,-0.6262341520136336,0.2566330607206613
-1.0,-0.953890308019893,-0.852601772347749,0.2368077143493041,0.4112342893482901,0.0306987473948217,-2.8272900791002638
0.1682194231354601,-0.2595808632988734,-0.057228503207106,1.0,1.0,0.8540973806799967,3.278024098727805
-1.0,-0.0021748993938277,-0.90781844066805,-0.0814482804631868,0.8767884843761549,-0.7553526562185455,2.697151689625176
1.0,-0.1210818915902252,-1.0,-1.0,-1.0,-0.3019384739870394,5.71738887467427
-1.0,-1.0,-0.5549198849491384,-1.0,0.0518200919368017,0.7103911843988246,-4.443395087280798
-0.8924589451943072,-1.0,-1.0,-1.0,1.0,1.0,-0.9204999115562413
0.2908407181354531,-1.0,-1.0,0.5659102380290018,-1.0,-1.0,1.06298163998175
-1.0,-0.9230899183974208,0.3910173763233537,-0.8608519188807782,1.0,1.0,2.0692589155607664
-1.0,-1.0,-1.0,-1.0,0.7653405417568049,1.0,-1.704174630258952
-0.0924319138551061,-0.3949790710132368,-1.0,-1.0,-1.0,-0.9849761073198492,2.8403992201676265
-0.4483409917712413,-0.9594484065400946,-0.5531712760683438,-0.7651400140904496,0.3520107865449451,0.9002126878545951,-0.5084310861388894
1.0,-0.8239625167887994,1.0,1.0,-0.5295754897169425,-0.554378523424327,6.1103934186196724
1.0,1.0,0.0315261749766915,0.1263493881034645,-1.0,-0.1160778386454373,2.9118161103296405
1.0,0.0768675210618166,-0.2975248947858679,-1.0,1.0,0.9961368971046656,2.5051985776017642
-0.0326310139462167,-0.9786106548462394,-1.0,-0.0044080240863013,-1.0,-1.0,0.7885832231250849
-1.0,-1.0,-1.0,-1.0,-0.547807283844697,-1.0,3.454908092667928
-0.2976788572411635,-0.9303030458395612,-1.0,-0.6121916489930479,-0.5737142387776581,-0.8280106845383006,1.2028922422377866
1.0,-0.9569379666991368,1.0,0.4954950287010022,0.0339463263171027,1.0,-0.5153934475537354
0.1814643940882816,1.0,0.1131090616591576,1.0,-1.0,-0.3073520676753927,2.473695525221384
-1.0,1.0,0.4261037522459414,0.9464768733584956,-0.3627092394209548,0.5852722627706874,-3.8218254369048594
-1.0,-1.0,-0.1962188670939666,-0.6492043171129185,-0.357609398237475,0.9307066637538284,-2.6771580841418796
-0.9209178693114828,-1.0,-0.4373528297922771,-0.959846430166595,0.4014880529473124,1.0,-1.986479283466729
-1.0,-0.1096558565646967,1.0,-0.3295602785708493,-0.8090710271711767,-0.1803372231901505,-2.366115882425131
-1.0,0.4126953287052739,0.717347046401027,1.0,1.0,1.0,1.2677856063283484
-1.0,-1.0,0.9453672739803616,1.0,1.0,0.6192145737221,-0.7459431255000546
1.0,0.5333350444085119,-1.0,1.0,0.0107541117807146,0.5248389065139871,0.5221384220863576
-0.8115323357195503,-0.8763092050313834,-0.7181117626015527,-0.8289117280274001,0.849229982553819,1.0,1.7465779078437822
1.0,1.0,1.0,1.0,1.0,0.3863698214702105,-9.549843955298973
-1.0,-0.2452573142072169,-1.0,-1.0,-1.0,-0.6697482096150926,-0.10781767058195502
-0.4007319800784241,-0.8582339352260124,-0.6269914235609604,-0.6762854309707835,1.0,0.1305952173460132,-1.1074489927264652
0.2934141652354802,1.0,1.0,1.0,-0.073969169017912,-1.0,0.13976493553300828
-1.0,-1.0,-1.0,-1.0,-1.0,-0.6016007751723829,0.2962180169720551
-0.6573564253979576,-0.0236815730469532,-0.9540655899399486,-0.6694532978329097,1.0,1.0,8.592348773723185
1.0,0.3117687362535495,1.0,0.037586799050052,-1.0,-0.3699095258885816,5.243023907354027
-1.0,-1.0,-0.7368487327302748,-1.0,-1.0,-0.2795860395392713,-0.04880854352282438
1.0,0.7999643024388041,1.0,1.0,-0.4097574011081433,-0.4210537969815462,2.4480392173218264
0.96720538613378,-0.7894263664881405,-1.0,-0.3048863104607013,1.0,0.4207214342036811,-5.338477655753888
1.0,1.0,1.0,0.5038996322130407,-1.0,-1.0,5.8386212142612495
1.0,1.0,1.0,-0.7554468079688212,-1.0,-0.213285881220044,3.13224089412961
1.0,1.0,0.0060664507503211,1.0,-0.7702599327917563,-0.8704058296605004,9.806053641464215
-1.0,-1.0,-1.0,-1.0,-0.4084038670854193,-0.958452776281104,2.6318768548163636
-0.3018827632872121,-1.0,0.298932345542783,-1.0,-1.0,1.0,4.954380736009904
-1.0,0.4363290689709305,1.0,-0.7449731713841963,-0.5163368338727361,-1.0,-0.7826511206661355
-0.3252481011480703,-0.3286226493911166,0.4856015839060525,0.9564963456008192,0.6804190552443734,0.9991640079642918,2.974759897094156
1.0,0.7063622365257136,0.1788484843704805,1.0,0.9938979678499078,0.1404079549350387,-2.698839248645271
0.6352633539105901,-1.0,0.2048031813857462,1.0,-0.4524722927925957,-1.0,7.173141470117652
-1.0,-0.3845494512108636,-0.6129813527554986,-1.0,-0.6449269202593759,-0.0910572845461952,-1.2703178576469931
1.0,1.0,0.1724780195770119,0.6663177560706275,-0.1597072940195325,-1.0,6.31284010121376
-1.0,-1.0,-0.9799533550871562,-1.0,-0.9212692595740826,-0.6965295110520233,0.8375436942737411
0.7392345217533942,0.2150700831704304,0.9474921121442488,1.0,1.0,0.3918413941411045,-4.66003831961923
-1.0,-0.0947097695154779,-1.0,-1.0,1.0,0.6616652635061482,3.8477314244878293
-1.0,-0.8499433861804726,-1.0,-0.6153929360359185,1.0,-1.0,5.469778908615506
1.0,0.2567163103967818,1.0,1.0,1.0,0.8490364599150699,-7.144215918462183
1.0,1.0,0.5015315409721683,-0.6800606410631378,-0.5939308577535944,-1.0,5.145051253450726
-1.0,-0.9445858118857928,-1.0,-0.281968777804342,-1.0,1.0,0.7990893315705038
1.0,1.0,1.0,1.0,-0.4087479025789664,-1.0,5.412850564622927
-0.5442359560137942,-1.0,-0.4131991184607935,-0.7541655820888788,1.0,0.0190739266119639,-0.29940561189409376
1.0,1.0,0.2300007689772176,0.4488353959065685,-1.0,-1.0,7.4321885533067835
-1.0,1.0,-1.0,-0.7491289108236623,1.0,0.157771496288489,1.9129478464882692
0.4480707560742505,0.6640867910687924,0.336332785668004,0.59454118778298,-0.3696985927908496,1.0,2.4735851845043255
-0.2924493987493848,0.3137224417849704,-1.0,-0.478540070629265,0.2229673332459696,1.0,7.765514032729255
0.3020553881467522,1.0,0.6999299791080702,0.0618643556694256,0.0785957240896682,1.0,0.1327074474303176
-1.0,-0.5569802794320968,-0.4316460169857434,-1.0,0.3988850724666211,-1.0,5.822394602713448
-0.8591362414856432,-1.0,-1.0,-0.0488795859284254,-1.0,-1.0,-0.4138248016064383
1.0,1.0,1.0,1.0,-0.4989318441199077,-0.454656985975385,2.7903681404128946
0.8355721989939424,0.3031535395005227,1.0,-1.0,-1.0,-0.4588514635115839,4.536088002949133
-1.0,-0.3684143071260546,-0.9706620475487856,-0.4442083500329563,-0.1094330785296526,-1.0,4.825442072914632
-0.7046874749925154,-0.1858610817821775,-0.2952219283213644,-0.12793332868575,-0.1468155976662501,-0.8219542014250258,1.6088400603075823
-0.7017060914137885,-0.1876890139444416,-0.836704722014727,0.4220724044459207,-1.0,-0.1255111076487973,-2.1910713360004834
-0.27127095422277,-0.2293112441498428,-1.0,0.0671603542304994,-0.6328748150526748,-1.0,2.21841477039022
-1.0,-0.2334703344962583,-0.5755017087938767,-0.3387444135140594,0.6634545840629089,0.9251531043468142,4.595340726461023
0.2325695028536121,1.0,0.1292597579764851,1.0,-1.0,-1.0,6.238804256580473
1.0,1.0,0.139992252875037,0.2246794301369521,1.0,1.0,1.779185158046308
-1.0,-1.0,1.0,-0.3654534656720023,-1.0,-0.8631529283750714,3.15347657454246
-0.0347618560841598,-0.6709633960599057,-0.7989364220003614,0.4587982017444221,1.0,1.0,5.192329420969975
-1.0,-0.4061031012174232,-0.5610016205323936,-0.9064840949803372,-1.0,-0.5794256049290396,0.328594590297292
1.0,1.0,1.0,1.0,1.0,0.8377408934444226,-10.594241908790442
-1.0,0.984069521116585,-1.0,1.0,-1.0,-0.7308535217652556,2.0221548650092718
-0.5002120051611567,-1.0,-0.3885980039518752,-0.2960569480262343,-0.8907399693367111,-1.0,2.671529496832932
-1.0,1.0,-0.912538483200185,1.0,0.6420833543073587,-1.0,4.3457185477386755
0.8545014866779321,0.8755286926751997,0.7929032296618388,0.3407598585269076,1.0,1.0,-2.7197031477927673
-1.0,-0.6387679999703819,-1.0,1.0,-0.4891492231100378,1.0,2.505795243413407
-1.0,-0.5390360190290628,-0.9793448339533356,-0.613426078896175,-0.8406673298132346,1.0,3.3719098536294494
-1.0,-0.8520657877382691,-0.7621304138116205,-0.8657643579515824,1.0,1.0,2.52981703947764
1.0,0.1030766210684579,0.6637239373238226,1.0,0.2613567318376926,1.0,-0.8338360542618966
1.0,1.0,0.2508132229286803,0.8186047544208088,-1.0,-1.0,9.96778184114288
0.1770984783662148,-1.0,-1.0,-0.1707718050292812,-1.0,-0.5215805887167329,-0.4682244878483608
1.0,1.0,1.0,-1.0,1.0,0.9860120762972362,-1.252407557565695
0.7495410036822274,1.0,0.607361393832391,1.0,-1.0,1.0,4.699490639383804
0.3550505909724311,0.7992429123505407,-1.0,-0.9396302724096688,0.9458352153505376,0.4334542599571382,2.193707917474783
-0.2014088551645259,-1.0,-0.9156296846013764,-1.0,-0.594820380518148,1.0,2.524838976164661
1.0,-0.2121353941744848,-0.506624282433332,-0.844125885719728,-0.904373391803334,-1.0,7.757473953717321
-1.0,-0.2338363747019283,-1.0,-1.0,0.6821823979836026,1.0,7.082512492781746
-0.6608403868456085,-0.543991042805279,-0.4540634213554098,1.0,1.0,1.0,7.48321856415211
-0.3099817645143983,-1.0,-1.0,-0.7397834384364244,1.0,0.3295379435108461,-4.61167343623382
-0.8609859795058794,0.9213224334009712,-0.0419453611840865,-1.0,0.125534130696536,1.0,3.842232165201459
1.0,1.0,1.0,0.3596767336352622,-0.0175905871569082,-1.0,0.7766466846455118
-1.0,-1.0,0.248604337491755,0.3286283553133353,-1.0,-0.5970613853621252,-0.20422086209552415
1.0,1.0,1.0,1.0,-1.0,-0.0405541893390362,3.58165546291828
-0.3000378924004978,-0.7976991172873573,-0.4043756374856986,-1.0,-0.4060628368114318,-1.0,4.388508391905346
1.0,1.0,1.0,1.0,-1.0,1.0,2.3307742396780564
-0.5634436236006484,-1.0,-0.8933036366362461,-0.1364713480633441,0.6879003631985909,0.0632945591537128,-2.658151899236014
0.5192423554825667,1.0,0.6643755645790248,0.4702936014009209,-0.1561644298848985,-0.6945328940011468,0.4375496371612956
-0.5956516184819629,-1.0,-1.0,-0.0392230266125854,1.0,0.1643493829666411,-3.7675993181273553
0.1144177610800933,1.0,1.0,1.0,1.0,-1.0,-5.827837550307277
0.9450831167740597,1.0,-0.5850990456352203,0.4485202464323625,-1.0,0.5830460675195048,6.758587023325098
-0.3886916704348786,-0.6150980512168451,-1.0,-0.4741634635632372,0.1591852440867458,1.0,4.517025189272429
0.4132955900707564,1.0,0.3459149388226359,1.0,-1.0,0.789472199762127,3.4880222295058134
1.0,0.0229333097929218,1.0,1.0,-1.0,0.2895808615376329,3.257035181996325
-0.8765845418106082,-1.0,0.5774178175799931,-0.9794239206016042,-0.3042285995837932,-0.5506897535832274,3.295161683358984
1.0,1.0,-1.0,-1.0,1.0,0.8490488764876267,6.499763754694257
-1.0,-1.0,-0.2432149599707547,-1.0,-1.0,1.0,0.6410652844106765
-1.0,-0.6962228087545439,0.969338354699411,-1.0,-0.8506173415402691,-1.0,3.5910286317184843
-1.0,-0.4525852075010046,-0.6128464858714417,-1.0,-0.909693947865866,0.0119087938379964,-0.7827393759802894
-1.0,-1.0,-0.1855663754901348,-1.0,-1.0,-1.0,6.234298820447201
-1.0,-1.0,0.7497560458319836,-1.0,1.0,-0.1243370710949043,3.3750302209226017
-1.0,-0.5432423024418624,-0.0343938157406278,-1.0,-1.0,-0.6766470227865256,2.243760882298414
-1.0,-0.611870869257618,-0.947974524267245,-0.5344322966419015,-0.1020226790440068,0.9646834993719504,2.779799611662975
1.0,1.0,-1.0,1.0,1.0,-1.0,-2.1821365565950552
0.9194612788300338,-1.0,-1.0,-1.0,-0.5462424017526137,-0.5330614838210459,4.777001916297907
-1.0,-0.7351485524721877,-0.3414021138286252,-0.7086613647352897,0.1502436143735532,1.0,0.026668634833706184
-1.0,-0.5447638174953326,-1.0,-0.3276315386437296,-0.9956545481600588,-1.0,0.944563116400722
0.8070134643849742,0.7552136079534748,-1.0,-0.8715918057082681,0.6118150619313221,1.0,6.602008808294741
-0.0162242210139724,-0.0405450637597417,-1.0,-1.0,-1.0,-0.3877105970139856,-0.15467770705173445
0.5204013427595136,0.8370239219601538,-0.0644409440146154,0.1495971822826201,-1.0,-1.0,2.9551592288032458
-0.4297123379077532,-1.0,-1.0,-1.0,0.3061276840525091,1.0,-1.1440985622631017
1.0,1.0,-1.0,0.8973422620633442,0.760383246208765,-1.0,0.710488364911257
1.0,1.0,1.0,0.3876529440075045,0.6401510615700374,0.8309772389481478,-6.405033629309835
0.0463163798641439,0.2403653064967299,0.8064778180594558,1.0,1.0,0.1426655417074476,-1.376442744650465
-1.0,0.7616843392647974,1.0,0.3870011951888101,-1.0,-0.9290457993471928,-1.6767638133394767
-0.4276910822282744,-1.0,0.3915301653392731,-1.0,-1.0,-1.0,9.481086088150423
-1.0,0.7967674932911728,-1.0,0.3770168759340595,0.5765242988160162,-1.0,5.882043075432031
-0.8431104333656201,-0.2491405936114472,-1.0,-1.0,-1.0,0.9172718452346174,5.183283784764346
1.0,-1.0,-1.0,-1.0,-1.0,-0.0721028807077994,9.333394466491862
-0.8945911616603748,-1.0,-1.0,0.0444481736482278,0.8877699086888151,1.0,4.017246380399431
0.490432956787322,0.6586339729944763,1.0,0.5445216958017485,-1.0,1.0,0.1064203118555529
-0.954172142978863,1.0,-0.2055369577448897,-0.6732610206827667,-0.6727727397376373,1.0,4.904641119479466
-0.6224453566707864,-0.8039777901348542,-1.0,-0.6197329765207729,0.8059247525092639,-1.0,4.390259446094394
-0.5263630888639268,0.0022690145934738,1.0,0.1548800579498586,0.6597974602076335,0.6188568207281431,-1.4105651302681228
1.0,1.0,0.777178202225941,0.232156922392227,1.0,1.0,-3.153805459401828
0.097035748152745,1.0,1.0,1.0,1.0,1.0,-6.065386955471629
1.0,0.7878428105832904,-1.0,-1.0,1.0,1.0,6.989468764737057
1.0,0.6820788429195701,1.0,-0.0894669852745286,1.0,-0.9340367542802824,-2.0260355990862893
1.0,-0.8470660507992955,-0.7782277138527631,-1.0,-0.1843312335496194,-0.592788968634059,3.0826911812914473
0.6365454309524847,0.2244331378350375,1.0,-0.7165060527070086,-0.2059067621671029,1.0,-1.232940340241868
-1.0,-1.0,-0.0801768676967003,-0.9145068143160168,-1.0,-1.0,5.829848736151871
1.0,-1.0,-0.0551712124908736,0.6399544407511009,-0.3312937445058663,-0.5188574377797968,4.038344132485146
0.0798272268540292,0.9428225008174372,-0.0247093264002882,1.0,1.0,1.0,4.378436028287386
0.2233900465551699,1.0,-1.0,-0.8330903445514257,-0.5489657688809504,-1.0,3.1974762864154673
-0.764719085146442,-0.0302614486338095,0.1409580046660261,-0.180080561346102,0.0809464783252091,1.0,1.6666063188927756
1.0,1.0,1.0,0.6496077908570854,-0.5883244196194859,-1.0,4.7847914921536425
1.0,-1.0,0.2669475782320407,-0.372392858343068,-1.0,-0.0579805786726483,8.252810661010782
1.0,1.0,0.9242603628095224,1.0,-0.0232393749471322,-1.0,3.1284044330635794
0.0723485471688312,0.6491369104481437,0.524361148027275,0.6403217120080957,0.1995977551461976,0.7834353284839624,-0.06322693530210477
-0.7536585652456138,-1.0,-0.1901206049885242,0.972674101819561,1.0,-1.0,0.30664814015703457
-1.0,-1.0,-0.8308220399572193,1.0,0.2717264169089868,1.0,2.4015909043468504
-1.0,-0.6280766714142048,-0.5856537170089007,-1.0,-1.0,0.7385258474570298,0.6852657055703333
0.3717326501134823,1.0,0.8853734694103341,1.0,-1.0,-0.9206831460488384,3.5705443540454143
1.0,-0.920841489703913,-0.7013767268205942,-0.7788487750740978,-1.0,-1.0,12.387226440476056
1.0,1.0,1.0,0.0551758153612507,-0.5255281569153876,0.3807051649527866,-0.9627001797545458
1.0,1.0,-0.8266561295472272,-1.0,0.936866169252664,0.1621379046993958,0.5248572072552818
0.4877920963104973,-1.0,0.9317479026487032,-1.0,-0.7512289972905786,0.3030702078195595,5.2769664933866425
-1.0,0.4175644759108006,-1.0,0.1545488118395339,1.0,-0.3924794294710692,0.07711678847046821
1.0,1.0,1.0,0.132354016880051,-0.3980215376524227,-0.9533317081093512,2.122295286997765
-1.0,-1.0,-0.4766878053528589,-1.0,-1.0,-0.0798927589559284,0.5797680357544648
0.1990709780781312,0.1801083590526255,-1.0,-0.1470031469532586,-1.0,-1.0,0.6643052085221413
1.0,0.2203612550312166,1.0,0.4684329200820054,-1.0,-0.5720953494950911,5.87416576233615
-1.0,-1.0,-0.7430489481577323,-0.9651559709894196,-1.0,1.0,1.6780091988299466
0.0943308986555729,-0.9000053259612109,1.0,-1.0,-1.0,-1.0,9.990426810953775
-0.0781512479860651,-1.0,1.0,-1.0,-1.0,-1.0,10.673564366314901
-0.8955406318190848,-1.0,0.6616897895609413,1.0,-1.0,-1.0,0.8724017993832004
-1.0,-0.779496325253531,-1.0,-0.6599953695543568,-0.3069822756394609,-0.3972814600664427,-2.504106884655008
1.0,-0.1326077754738241,1.0,-1.0,-1.0,-1.0,11.038445141462411
1.0,1.0,1.0,0.1090858865826913,-0.5756977531237522,-1.0,3.068906164271021
-1.0,-1.0,-0.3464220696481597,-1.0,0.2139699463964774,0.5736544092272045,-3.8214248766809913
0.8951472036795782,1.0,-1.0,0.176009235812186,1.0,1.0,6.775913276253002
1.0,1.0,-0.1216468306201865,-1.0,0.0208745663146106,1.0,6.801314227519822
-1.0,-0.8920498005741306,-0.6124558077643334,1.0,1.0,-0.182749327458197,-2.1121630240372733
1.0,0.3003906535917127,0.1006855291577497,1.0,-1.0,-0.2753694896434315,4.139447892783922
0.4441389240548121,1.0,0.3487852998360452,-0.8734187418110404,-1.0,-0.745987319638953,2.309506004455968
-0.8167218848942537,-0.7058636865693098,-1.0,-1.0,-0.03238454900706,1.0,1.93013512142306
0.4958289741740223,1.0,-1.0,1.0,-1.0,-0.8072058791818848,6.1594872828429414
0.8739740580309578,-1.0,1.0,-0.4308649631623344,0.2593092015236469,-1.0,6.408715824449413
0.9607467313151434,-1.0,-0.4851147817376979,-0.2484535374252683,1.0,0.2445058893229288,-3.6291719900188903
0.9824472715073584,0.6972462218937865,1.0,0.4569269351422718,0.2032497234641868,0.1651780574826331,-1.9918783264647713
0.942507724465582,0.0221012627927936,0.3961631217222585,0.8531447208176182,-0.1394677496342626,0.5586125224171479,0.6239064955200428
1.0,0.6871693043507834,1.0,0.7470400443150214,-1.0,-0.3994566448247503,4.661485915934758
-0.5378286504968806,-1.0,-0.0741426772314781,1.0,-0.0310673340809752,-1.0,1.7521700932175808
0.1498239263656764,1.0,0.0296914617229957,-0.466420795044512,0.882914272059707,0.3805442905039762,1.464736506226191
1.0,1.0,0.2509685128074508,1.0,-1.0,-0.8677496377372835,10.09570551191042
-0.8813399481239679,-0.5360907969847541,-0.8241992581003907,-1.0,-0.8865802109428862,-1.0,3.1487409841117584
-0.7016890761122605,-1.0,-1.0,-1.0,-1.0,-0.03248839470899,-1.292358105439367
1.0,1.0,-1.0,1.0,0.1337211884195315,-1.0,5.613386743961151
0.1904321664315404,0.2368106081273076,-0.2138235538944879,0.1082505820302663,-1.0,-0.9186463682056074,1.2084254999203363
-1.0,-1.0,1.0,-1.0,-1.0,1.0,-2.7916218117790246
1.0,1.0,0.1935884472311881,0.8892980877166734,1.0,-0.1523219356292708,-2.4384467900227094
-1.0,1.0,-1.0,-1.0,0.8984409631532697,0.965682214200128,14.439662213068491
-0.870588157144053,-0.1945798757985981,0.4040253234279503,-1.0,-1.0,1.0,1.0840115165961068
1.0,1.0,0.4284154767246251,1.0,-0.0139660738622295,-0.9774953535669028,6.234422301000944
-1.0,-1.0,-0.5676078671100535,-0.3941404931393322,-0.9403268770179444,-0.3823448312974344,-1.7842948316338096
1.0,0.4304619353313899,0.7197974369076414,0.0719924487219074,-0.2700032112952508,-0.6358315294819668,2.795903127963081
-0.5314433665556795,-0.3412493035490804,-0.7080579312033457,-0.0054672447845265,1.0,0.0997948462886801,-0.014573974006089618
0.3400704692145173,0.3271380652878501,-1.0,0.9180505946829992,-0.3454296556959173,-1.0,2.7526637640357143
1.0,0.2844726069303733,-0.5812427175145747,1.0,1.0,0.0161187622105167,-3.215491169597958
0.9103576960560568,1.0,1.0,1.0,0.2543147066947715,-1.0,-0.3672898068871582
-0.4467595738261283,-0.5875205430612247,-1.0,-0.4426123973372657,0.7718953627185821,1.0,5.213253756059721
0.7065488161146147,0.8412852126045818,1.0,0.4434940380878307,0.1469937188451646,1.0,-3.493288022321871
-0.8266790376686892,-0.3656027449708088,-0.5556609753665231,-1.0,1.0,-1.0,7.529795674715025
1.0,-1.0,1.0,-0.7478152291456162,0.498204746333738,1.0,-6.228016854571599
-0.9520337551079464,0.4976170314576851,1.0,0.1404603577502234,-1.0,-1.0,-1.7875714309569928
-0.6915521797211805,0.4065697752745418,-0.3763423157836638,-1.0,0.5355505705616621,1.0,5.8520508452784865
-1.0,-1.0,-0.7283905221390763,-1.0,-0.014631917796112,1.0,-2.8349481012154225
-1.0,-1.0,-0.0247766493785122,-0.3715350845006768,-1.0,-1.0,2.709802924310301
1.0,0.8997726302152569,1.0,0.5492617157791708,0.6935314225979348,0.3401720825737722,-5.4687758866602865
0.1323259969973198,1.0,-0.3644667066900109,-0.4403396921719904,0.5224492193806263,0.3965276939920907,1.6528987663920314
0.5834223564615244,1.0,1.0,1.0,0.2505324640608886,-0.8332470812384993,-1.7771266062349313
1.0,1.0,0.4113407451508184,1.0,-0.6491347053620007,-1.0,10.152356140457364
1.0,0.8763706725437175,1.0,1.0,1.0,0.8903319390271329,-9.729366896874922
1.0,1.0,1.0,0.8772845313640298,-0.8469584128829515,-1.0,7.29610611055792
1.0,0.0806625065302206,0.2927509684824316,0.5580550231385544,1.0,1.0,0.42110062154106476
1.0,1.0,1.0,0.4822079518455808,0.9214412713189076,0.634886462055505,-7.295574066812438
-0.0827742435022176,-0.5602953151174268,-0.3291497800842577,-1.0,0.4350539297611273,-1.0,4.3196051234519
-0.913411924510676,-0.9694497780093928,-0.6354068801110668,-0.4505060606131785,0.2480544603176908,-1.0,4.468554033191183
-0.048952542339224,-0.3558254698316569,-1.0,-0.8904858256380097,0.8866238538010425,1.0,4.713898680586606
1.0,1.0,1.0,1.0,0.8177053196427531,1.0,-9.748522353035032
1.0,0.0986004426623297,1.0,0.1992958351729432,-1.0,-1.0,8.132510827804147
1.0,1.0,-0.9617053856661676,0.6244725469696273,0.5352375470815334,1.0,4.124525422972235
0.6208057434714891,0.475651393397839,0.145080679233031,-1.0,1.0,0.0111378317941184,0.1250784722939774
-1.0,-1.0,-0.9256730556048648,-1.0,1.0,1.0,-0.6933216113040588
1.0,0.0366517625229498,1.0,0.1305594903174751,1.0,0.7607133951931331,-5.4608051892296325
-0.2464083825457925,-1.0,0.6584997447441487,-1.0,-1.0,-1.0,10.461838448220742
1.0,1.0,1.0,0.8168410435248781,0.572358210769746,0.9303453080796988,-7.81127072475901
1.0,-0.9179234815370476,-1.0,-0.1782245216275859,1.0,0.0731379432849919,-6.575057516814778
1.0,-1.0,-0.7963964142734112,-0.1153796322650182,1.0,1.0,-3.6601101237211804
0.1334624845444718,0.3010981071792447,-0.6216589082904145,-0.0175864544132644,-0.5222096960171407,-0.6299985624622035,0.4098442700900973
1.0,0.8648567209829419,0.8839351825538562,1.0,-1.0,1.0,3.745139054365686
0.8287446013370166,0.6333439643457712,-0.144116285727669,0.2224849478737345,0.9645047462244124,-1.0,1.1188747518500652
-1.0,0.25055421574062,1.0,1.0,1.0,0.7160873181519323,-2.5304825719249573
1.0,0.7638539825002908,0.2513995970841831,0.2479281146430292,1.0,0.0087290075128718,-1.8752009075357348
0.9762625667189876,0.2498453470555894,1.0,1.0,0.8517206514484907,0.945608737740949,-6.465110973072485
1.0,1.0,-0.7172626112785463,0.155475892340148,0.7220798142858962,1.0,4.260757289481679
-0.5925272545749702,-0.9285671865673064,-1.0,-0.1349990856262592,-1.0,-1.0,0.5122949504733894
-1.0,-1.0,1.0,-1.0,-1.0,1.0,-2.7916218117790246
-1.0,-0.4587419301181801,-1.0,-1.0,0.9155968832934988,0.3791710550264715,-1.0576174304044281
-0.9257691632723236,-1.0,-0.1441337564904854,-1.0,-0.7433732165330067,-1.0,5.769224674188744
0.3424680548355496,1.0,1.0,0.6671243813290091,0.636053648641616,1.0,-4.9545168257217655
-0.7513563292090104,-0.1310409149941946,-1.0,-0.3539198785102935,-0.080652616828412,-0.7577273415713635,1.9431860558532161
0.6151423199982733,0.3612720914419616,1.0,1.0,-0.0920574502123114,-1.0,2.155006785968647
0.4174828111649234,0.1351742724784261,-0.1578224748812677,-0.3282697967451233,-1.0,-1.0,2.3922215502192565
0.3616172764973901,0.5090813706486224,1.0,1.0,-1.0,-1.0,2.975187520529043
1.0,0.8461070921932092,1.0,-0.8822657722147278,-1.0,-0.7814531714704347,5.708544321178576
1.0,1.0,0.93890986342664,1.0,-0.9228181454460632,-0.4755956081197265,5.2114613253344135
1.0,-0.152665825553947,0.8604870819632835,0.3244587758756294,-1.0,-0.9238098940485162,8.443836718162864
-0.2658309503318909,-0.9760355776716224,-1.0,-1.0,0.8861401421582547,0.9186371007726096,-1.9618513173442456
1.0,0.9157191795930576,1.0,1.0,0.3793687357916349,1.0,-7.070973526055213
-1.0,0.9164664097132408,1.0,-0.4846736111698033,-0.3890665794046706,-0.8983225268230315,-0.9400799404825082
0.8206182653405591,0.5328273141407089,0.0465752283743401,1.0,0.0160918303380024,1.0,2.0849342796341466
-1.0,-0.8168937153463924,-0.5242565869841751,-1.0,-0.1514338722427364,1.0,-1.4444281958602405
0.570380496909473,0.1374402131537648,0.2122573102753377,1.0,0.3504985758030581,0.2764998967467655,-0.3498137770206755
1.0,0.1538814954427603,0.3548840068916923,0.786908739021758,-1.0,0.4063161606251622,3.778005178001779
-1.0,1.0,-1.0,-1.0,1.0,0.4691077046231169,5.21597836664533
1.0,0.8060362050139098,-1.0,0.0290565984632373,-0.1788965031685319,-0.0575629895812872,1.9580081097121147
-0.566189261993796,-1.0,-1.0,0.9460760216837378,0.7161806069260919,1.0,4.739069927570099
1.0,0.1167274532727336,1.0,1.0,-0.8520936267459218,-0.8920542160101268,6.519150527830625
0.4726292725590093,0.9067696458028812,0.1410185330092856,1.0,-0.5621477392218381,-0.924223525819845,5.996903580124128
0.9888949906030308,0.5295636218179165,1.0,1.0,0.9108571073540356,1.0,-7.519322031919315
0.262143258502939,1.0,-1.0,0.0241761716258945,-0.7771518673781432,0.3568747755498602,3.664506160865333
-0.5250962309236776,-0.0887991778021506,0.5904527098899639,0.3255893273762433,-1.0,-1.0,0.2515789234782394
1.0,0.8715024990859794,1.0,0.8646054711985314,-1.0,0.134550942649029,2.9373408213059484
-0.9473483500254156,-0.260399078118356,-0.8528061818011503,-0.7404542585744229,-0.7605740556656984,-0.6584118986904319,-0.2546482417511593
-1.0,-1.0,1.0,-1.0,-1.0,-1.0,7.495450586499856
-1.0,-0.5429026516749071,1.0,0.9529432092925298,-1.0,-1.0,-1.6416215764554132
0.025347808195919,0.2955926259104031,0.6634154455084718,1.0,-1.0,-0.7606855321263111,1.4629274243177017
1.0,1.0,0.955098321435314,0.5507398588530243,-1.0,-1.0,6.2634072682370405
-0.6623534586147988,-0.548962639909834,-0.9223183322285202,-1.0,0.0069137671869761,1.0,3.042466088991157
1.0,0.5468871644570446,1.0,1.0,1.0,1.0,-7.917161471156466
1.0,0.5523517395445232,1.0,1.0,0.7333363235574799,-0.4163973529047609,-3.215054974239476
-0.1775963718828936,1.0,1.0,-0.0213294238686303,1.0,-1.0,-2.6392649622443978
-1.0,-1.0,-0.2640931173524898,-0.4506318536608551,0.0513401937888953,0.5836001154559132,-2.173620841629071
1.0,1.0,0.4924917215058821,1.0,-1.0,-0.3295102138983348,5.753732644427689
0.6928126009853635,-1.0,-1.0,1.0,1.0,0.763599578484262,-4.3961108613704845
-0.9955191587379972,-1.0,-0.096490682904883,-0.2114508574829237,1.0,0.6869713339432759,2.4134988556766275
-1.0,1.0,-0.7975161283155268,-1.0,0.7348989477274077,0.235698394498298,2.238229958488418
1.0,-0.9795349878084648,0.2803312732729288,0.6887951967416981,-1.0,0.3818242536021949,7.777859636832738
0.553682563731642,1.0,0.9003871329899655,1.0,-0.302831562712786,-0.7110947191753889,1.3345110818117847
-0.9317580241637896,-1.0,0.6793321968833672,-1.0,0.0279079604528553,0.0974718257860092,-0.7653309551562921
1.0,0.7113901711468744,0.1198626355214491,0.6915585038907472,0.5207614118386579,0.5874196363264568,-1.0287770032154528
0.8292351823507333,0.761177488950256,1.0,1.0,-0.1402754165081026,-1.0,2.920968384511048
1.0,0.8954918102122358,0.4936166375195117,1.0,-0.86294438184972,-1.0,10.37051782441309
-0.1931624393371906,0.6529542845928635,1.0,0.988524417878084,-0.6836232948616756,-1.0,1.3647310317464316
1.0,0.7727816497501347,0.0625129397041748,-1.0,0.5250443775780151,0.1102625729912585,-0.3375902707002847
1.0,1.0,0.2330692321943548,0.1240485010488947,-1.0,-0.5336164139496904,3.560464029366843
1.0,-0.1044926824449572,0.5798752851391311,-1.0,0.7229291802622206,0.3593084810997704,-2.44573748996348
-0.2540689117877821,-1.0,-1.0,-1.0,0.7987018448532743,0.5401022816586611,-4.811966999278946
-0.2277134958733588,-0.1211044119187372,1.0,0.7562771147763598,1.0,1.0,-0.6228748439850582
1.0,0.6402028521246408,0.4551459116732737,1.0,-0.8963480245564952,-1.0,9.694068238092516
-0.7914607240541736,0.9407707123692416,0.3739884249842782,-0.7378550754750766,-1.0,-1.0,-2.027125959742108
1.0,1.0,0.6573465412786819,1.0,0.6537927188966675,1.0,-4.314839191866763
-0.6859968419568505,-1.0,-1.0,-0.4744996699611601,-1.0,-0.4244738490421229,-2.270172771776277
-1.0,-1.0,-1.0,-0.8400899828724773,0.9645023289492364,0.7332026321371903,-3.709991015119777
1.0,0.3129366970020761,0.5725101463527786,1.0,0.78456123594868,1.0,-1.7680520985473531
-1.0,-1.0,-1.0,-1.0,-1.0,-1.0,4.339823797905987
-0.4945919333821988,-1.0,-0.1693600750299992,-0.8192686994554648,0.234440842837946,-0.0638498842008488,-0.546559492829628
0.8948320693541172,1.0,1.0,-0.0609732472246181,-1.0,-1.0,3.0541564880084575
-0.4684363072873458,-0.602695525106371,1.0,1.0,1.0,0.9376755312569404,0.010502483991330136
0.1792467408213354,0.2220978595874192,0.4929345922862083,1.0,-0.2410859231061435,-1.0,3.464085987374313
-0.0533453144442217,-0.0076399059695739,-1.0,-0.3525135481424608,-0.971126596244842,0.732660796050473,2.9427792129941093
1.0,0.6794791314031312,0.949750519962856,0.3066480187027276,-1.0,-1.0,6.74939658209877
-1.0,-1.0,-1.0,-0.4711523355601108,0.4902306751758802,1.0,1.2607273264670726
-0.3709637898647291,-0.5210607649681616,-0.5034328014904281,-1.0,1.0,1.0,4.276687469423831
-1.0,0.5156929254661444,-0.2410020444524583,-1.0,0.390948575961016,1.0,4.6737427594686345
0.5753594196468188,1.0,1.0,-0.6815911203175502,-0.9002187869461313,0.0190902088699518,-0.7996462483965996
-0.9158080055690584,-1.0,-1.0,0.705700448131334,-1.0,-1.0,-2.962580042935927
-0.8312049176159295,-1.0,-1.0,-1.0,-1.0,-1.0,4.658273776036751
0.6235742148076822,-1.0,-1.0,-0.815504290931659,-1.0,0.0957343788944062,3.7792985591212735
-0.3719233283364385,-1.0,-1.0,-1.0,0.098090425748285,1.0,-0.7242999862817292
-0.9166570963310184,0.3122371589437396,0.1750067538459343,-1.0,1.0,1.0,7.0554251002003125
-0.5445851075985637,-1.0,1.0,-0.2418016608620206,1.0,0.5150534684027923,0.2617878673900891
1.0,0.6678550375308092,1.0,0.6028225739218662,-0.1783582217961963,-0.905631070452007,3.105871591139733
1.0,1.0,0.4713778739779359,1.0,1.0,-1.0,-1.5552639708540437
0.1468818989858316,1.0,0.3253296450578113,1.0,-0.5969243976759384,-0.2313116306398688,1.210307346104658
0.5227595518286585,0.5762438154418736,0.6692439703606072,0.0140175097122614,0.3074237745444521,-0.1060130030645305,-0.6423066334870549
0.8320934149449974,1.0,1.0,1.0,-1.0,-0.661156986688483,4.707631089505976
1.0,0.7947793989378296,1.0,1.0,1.0,1.0,-9.085637034730876
-0.2466069366207242,-1.0,-1.0,-1.0,-0.9156745463736936,-1.0,5.14495014498829
-0.5756994559895869,-0.3388309002436671,-0.1422232429548908,-0.8246203339743561,-1.0,-1.0,1.9467129807568557
0.2188450086142559,-1.0,-0.7630139044345698,-1.0,-1.0,0.435016719404562,3.602868540124094
-1.0,0.9376594127496204,1.0,0.3695271798080817,0.834275813538448,-0.8156186899146953,-0.9194581902097769
1.0,0.3439175599150603,0.2081587811744965,1.0,0.2278144206087731,1.0,1.0220211586572603
-1.0,-0.6393701923590409,-0.097363587133052,0.2491672223145904,0.0037662907937401,1.0,0.9543667548244482
-0.637157453744722,1.0,-0.36680546798458,-1.0,-1.0,0.1172366839128389,2.156330494412068
0.1343850034826037,1.0,0.655388666254564,1.0,0.4274194375965132,0.0372885132694156,-2.603971316560491
0.016887753029388,1.0,1.0,0.2553084839016453,-1.0,1.0,-1.9130622559330954
0.802791982503003,0.4934715986636437,0.1981158476683857,0.6032476117346819,1.0,-0.4030236600928758,-0.9724793869686801
-0.6371377801376463,-0.649525365840615,-1.0,-0.8515914200428016,-1.0,-0.8882203610026005,2.1608832826579105
-1.0,-0.0553763591001896,-0.6215736741450135,-0.4860806207910282,-0.9597817363589278,0.343463969186492,-1.9576908042892438
1.0,1.0,1.0,0.2638227749325015,0.4874905659260111,0.1723361722250109,-4.2850314520252155
-1.0,0.1915959692186393,-1.0,1.0,0.3023188668226664,1.0,7.912039810344493
-0.8538133945459929,-0.726907865598938,-1.0,-0.2011813118494976,-0.8131747344819775,-0.6052745625446454,-1.6000676505549445
1.0,1.0,-0.919852642812762,0.8292000149425756,-1.0,-1.0,10.608840033900993
1.0,-1.0,-1.0,1.0,-0.2732074330064409,0.869262785403361,2.019508196951107
-1.0,-1.0,-1.0,-0.3856967755379161,0.7147788192563371,0.5329555746394194,-3.5388654230367003
-1.0,-0.229020517402342,-0.0236705979578553,-0.6473764262326767,-0.3984595428198492,-0.3054378589592803,-0.4648326790772168
1.0,1.0,0.0551502718573417,-0.6907823651306173,-1.0,-1.0,7.401342600028681
1.0,1.0,0.3360119980545555,1.0,1.0,0.5688956088941535,-3.9355439581537883
1.0,1.0,0.9875182460408416,1.0,1.0,-1.0,-6.760581807975885
0.1408985956521091,-0.5996045900756046,1.0,-0.9448470045991056,1.0,0.0276343615525602,-1.2117271870852238
1.0,0.6276191679383472,1.0,1.0,-0.6940242005103767,-0.3924208907374831,3.7022541057873877
1.0,1.0,1.0,1.0,0.9709166728494718,1.0,-10.314411883270381
-0.7883153911215344,-0.20940529515589,-1.0,-0.9758996149341628,-0.3600753885198036,-1.0,3.2843179613172273
-1.0,-1.0,0.7863943728375256,-1.0,0.4362848318682544,0.1692827175292321,-0.7387882872338642
1.0,0.8217409290826925,0.5229197486831942,1.0,-1.0,-1.0,10.425488845543482
-0.4374906875148749,-0.5670393972684755,0.2125481830785149,-1.0,0.6446917403622452,1.0,1.3730644314690095
0.0775704964378918,1.0,1.0,1.0,-1.0,-1.0,1.6296465854668805
-0.6091182539530475,-1.0,-0.0854228388738105,-0.6242094831688381,-1.0,-1.0,4.865592439939122
0.1523408819459628,1.0,-0.0543079260436039,-0.0159227229342033,1.0,-1.0,1.5721021446279986
-0.9217295939560995,-0.5032545379890148,-0.5249576446457722,-1.0,1.0,1.0,5.751508627665783
-0.3737854075174238,-0.14521254929219,-0.9263058248941748,-1.0,-0.0196008114488077,-1.0,2.8440745545869155
1.0,1.0,0.2758210218293768,0.8671631817466292,-0.9911152691865384,-0.1527775317419908,4.734201054336907
1.0,1.0,0.0254678726234443,-0.039021040455262,-1.0,-0.3825282237093019,3.3023267056908576
1.0,1.0,0.7982270516297905,0.4001200576498822,0.5363881741218322,-1.0,-0.7323452961903516
-1.0,-0.2495105888483073,0.0737837313346876,-0.4185014764459667,1.0,-0.2388865888014506,3.330585142177452
-1.0,-1.0,-1.0,-0.8432389360002626,0.1942968870989332,-1.0,3.7763576444895532
1.0,1.0,0.2360291394113476,-1.0,-0.8432141046888302,-0.4753805402860822,5.8429549336854905
-1.0,-1.0,-1.0,-0.5872392363066159,1.0,0.6996478934438577,-2.9107214579291556
-1.0,-1.0,-1.0,-1.0,-0.9227418418760434,-0.1920954813944289,-2.8487440034995277
0.8576390640293214,1.0,0.269280539268621,1.0,0.7769533775191282,1.0,-0.665859188432903
1.0,0.5365802697542361,1.0,1.0,-1.0,-0.0322382279861892,3.673547972424828
0.5786054187427943,1.0,0.1646406084362977,0.6087436926270104,-1.0,-1.0,5.307908440925192
0.2595365539729646,1.0,0.3197023669698648,1.0,1.0,0.8164079447983794,0.01875593349432869
-1.0,1.0,-0.7980431743718707,-1.0,1.0,1.0,14.58648424328183
0.4025369749973668,1.0,-1.0,0.9039492329336154,-1.0,-0.9877590857203232,6.310006533022293
-0.5553808861088612,-0.9459545507678392,-1.0,-0.3210152138391624,1.0,-0.1464323026737075,-3.6384489337285135
0.6828198608430363,1.0,0.0874285727610257,1.0,0.3287397712507218,0.8345507463559463,0.15176815700358637
0.3066642619330963,1.0,0.0723426693179924,1.0,-0.4324134474053973,1.0,3.470514549229768
-1.0,-1.0,0.7964968789915559,0.6140211532622495,-1.0,0.1928578912714347,-3.3625247049230884
-1.0,-0.6987439097675794,-0.451480022534366,-0.953565400272429,-0.3529732981807503,1.0,-0.5594049320567653
-1.0,-0.1344406582968524,-0.6312757786110019,-0.2046884907984243,-0.7032123018153842,0.5153603384898946,-1.2516097839179265
0.0041682556420294,1.0,0.700733690524467,1.0,0.567824774541102,-1.0,-0.9742160215928866
0.4020666298699407,1.0,-0.3270620120236103,1.0,0.5967312833236313,-1.0,2.6770341878195754
1.0,0.925160790005604,0.4880739081185947,0.7045831352522962,0.275367046216826,0.502516186334828,-1.8820024606376935
-0.4058628476109813,-0.0454294882603276,-0.9834751379938502,-1.0,-0.5898967580262622,-0.1981837549326446,-1.1976422197523082
-0.0357211814413107,-0.3428817104963408,-1.0,-1.0,0.9868439232302132,-0.8918432418068802,2.230507748941975
-1.0,-1.0,-0.2552008881285381,-1.0,0.7245025285158508,1.0,-0.7557787093264134
-1.0,-0.3526475485998297,-1.0,-1.0,-0.7900227196565512,-0.571579512238201,-0.520777589229451
-1.0,0.4226033577672483,-1.0,-0.6248945935838315,-1.0,-1.0,0.07833895072362196
-0.0794128815335886,-0.0964423506019622,-0.0311542890306351,-0.0721627192336245,1.0,1.0,4.0940995215354254
1.0,0.9921825385500812,1.0,1.0,-0.9207312436531,-1.0,8.469210446169438
-0.3217856371420531,-1.0,-1.0,-0.921869673988134,0.9429357357978434,1.0,-0.7796501235862243
1.0,0.0527000992012836,1.0,0.6096754991180067,-1.0,-0.8403881057098062,7.2108691181637825
0.4197253142793817,0.7482256753050112,1.0,1.0,0.1101586850248714,-1.0,0.4222690282424022
-0.4933027540395007,-0.4331246038125667,-0.8461145952932181,-1.0,1.0,1.0,5.4370038185795755
-0.9326420243028952,1.0,0.4949187904062024,0.6304129559289391,0.2070810847939184,1.0,-1.0457790402119123
0.9438243962131356,0.5783006537207307,0.669725525032691,1.0,-1.0,-0.3571863411860017,4.520590374287011
-0.0612493934741422,-0.1420477151389703,-1.0,-1.0,-1.0,0.8140397420370922,5.028697259635291
-0.9364080034715128,-0.2998820126422374,-1.0,1.0,-0.7372822171158444,0.0936565630382746,-3.7784037263370687
1.0,1.0,0.5553834202458547,1.0,0.4254982689420536,-0.3930133204028401,-0.6890983595482358
0.9847701377927603,1.0,1.0,1.0,-1.0,0.4308424094799139,2.23718146704595
1.0,0.2572779705447336,1.0,1.0,-0.5179925947041304,-0.5698455547140342,3.4552580710881955
-1.0,-0.0807868976191765,-1.0,-1.0,-0.8999395975173363,-1.0,1.8215643466809932
-1.0,-0.8166562412952385,-0.7740158672063915,-0.4471326668096447,-0.4130655444916233,1.0,0.8746639861913037
-1.0,1.0,-0.8005725107966759,1.0,-0.7226076297244206,-0.1831711100915849,-0.579414780525396
0.7117788474361768,1.0,1.0,0.1657596326322359,-0.8424829702768499,-1.0,1.6253897131289374
-1.0,-0.2243730497530716,0.8369067052695571,0.6148408085089496,1.0,0.6898610944195003,0.3012069215312967
-0.1032993942131221,-0.3629925745726121,-1.0,-0.0118705678548014,0.8976287716561571,1.0,6.426646042141528
-1.0,-0.437746727007015,-1.0,-1.0,0.2885126243323956,-1.0,5.249859655133412
0.3443387399216087,-1.0,1.0,-1.0,-0.8722337989933886,-0.0398193825368671,6.793661654140109
-1.0,-0.95869507885195,-0.7163062282712827,-1.0,1.0,-0.6757814471932344,2.1538450318883706
-0.6519492471359467,1.0,1.0,-0.6134575637948296,-1.0,-1.0,-4.076078091535942
0.237261042698142,0.0023781248689696,0.7245740785102579,-0.1319611224641901,-1.0,-0.5128670408296057,1.0446676074212928
-1.0,-1.0,-0.6818532761510208,-0.9450160657485882,0.3420224407753289,1.0,-2.214937155628081
0.9967016603506368,0.427786953168886,0.7746294509898872,0.0072672287524533,-0.1781306741081367,-0.9436224307971322,3.9682034366533765
-1.0,-1.0,-1.0,-0.9184010120236052,-0.5070314006817678,-1.0,3.2860579121637175
-0.0396552682758719,1.0,1.0,-1.0,0.6137495443008101,0.3330967848399806,-2.8745992694880194
-0.9083638869791288,-0.3931900157190329,-0.4012077779011025,-0.6057240174790519,0.3794039499295012,1.0,3.0112734106941703
1.0,0.710048168319512,-1.0,0.550007644644428,0.0939548395432396,0.8144297253079598,2.888834303861733
1.0,1.0,1.0,0.0118544367155823,0.5912833421203618,-1.0,-2.542367368691246
1.0,-1.0,0.6696683482258283,0.1853553440904498,-0.6936498973019258,-1.0,11.747661475143603
1.0,-1.0,1.0,0.2520691983201337,-1.0,-1.0,14.655088305300476
1.0,0.7769763588644412,0.8841488847811376,0.8915905067744436,-1.0,-1.0,8.653475506057235
0.2991890120628555,0.2253376406557545,1.0,0.3216861103349386,1.0,-1.0,-0.07258522883986573
-0.0810521413814568,-1.0,0.7171064407168013,-1.0,1.0,-0.3344070157951213,2.3786531666527786
-1.0,-0.5568338899518637,-1.0,-0.6085207745326933,1.0,0.4036753202247953,-1.4587929560484911
-0.5221704707380685,-1.0,-1.0,-0.4647382286501424,-0.7521864934307538,-1.0,2.1479295716162934
0.341534554615917,1.0,-1.0,-0.6557293089863772,0.9626572011031064,1.0,10.998772956036664
0.8145728052516974,0.0499517510243965,0.0088583664892645,1.0,-1.0,-0.789703237559225,5.463785088395953
0.5225768910806485,1.0,0.4113979048950622,1.0,1.0,1.0,-0.09418043202912696
-1.0,-0.7946878860347075,-1.0,-1.0,0.2057165453326099,0.3983412956868311,-4.910093586441719
0.8528518882149039,0.8163560652062791,0.0081338491499021,1.0,-1.0,-1.0,9.590611017533272
-1.0,0.9875965517146628,-1.0,-0.9985764461972289,0.8522137078568552,1.0,14.995751283631602
-0.4162578573619033,-1.0,-0.1179727728151269,-1.0,-1.0,-1.0,8.048337324594906
-0.7943546781535191,-0.6548425758171941,-1.0,-0.213082686722831,1.0,1.0,6.013017629396506
0.9363486429139748,0.9219954077777108,1.0,1.0,1.0,0.5643544378845526,-9.277156779197774
1.0,1.0,-0.8165021833183066,-0.8003803599451147,0.9741034329795916,1.0,7.621280742821076
-1.0,-1.0,-0.2668725810664576,-1.0,0.2521276530239329,0.8825634332613979,-3.4018401534674645
-1.0,-1.0,-1.0,-1.0,-0.2539092698283316,1.0,-1.7198014156494936
1.0,0.2722582870988179,-0.1377907841487704,-0.917384608307896,-1.0,0.7103284391398768,7.357410737312125
-0.5088738422879229,0.1390498561910953,1.0,-1.0,1.0,1.0,-0.6217679943527352
-0.4906372045481522,1.0,-0.5086536389488912,-1.0,-0.2830847428925644,1.0,7.892720000711256
-0.044061891927098,-1.0,0.5936740661022979,-0.2055600954267598,1.0,1.0,1.5329950803155956
1.0,0.7298063381604771,1.0,0.6394368594942652,1.0,-0.0786697853729834,-4.723985217236726
0.989975992885233,0.8627875281492194,-0.492130151750995,1.0,0.1929486110598799,1.0,2.2868203413281316
0.5712387015551845,0.3353601901755632,1.0,1.0,-1.0,-1.0,4.073242765987115
0.3672059320029777,1.0,1.0,1.0,1.0,0.3682120343520734,-7.31040503042678
-0.076931359420016,-0.6076409491549173,-0.629541563315992,-0.3125965295711439,-1.0,-0.697655993091796,0.8622259283809389
1.0,1.0,-0.8404655453321226,1.0,-0.4076851631025513,-0.0121859894764464,4.255386167358858
1.0,1.0,0.5305601103788598,1.0,1.0,0.2605185052518464,-5.071296706864286
0.0947814629785122,0.3922848678629771,-1.0,-1.0,-0.8354388880248103,-1.0,0.8293088104320655
-1.0,-1.0,0.1058044271727013,-0.0122892417707023,0.8538550147965538,0.3971683737063429,1.892497669656535
-0.2521629777155174,-0.790109420494802,-1.0,-1.0,-0.4574366975646498,-1.0,3.5826520985066868
0.9231202215882636,1.0,1.0,0.0907937225171922,0.7566275324954372,1.0,-5.029764758639947
0.740770691533809,1.0,-0.2830650100461642,1.0,0.211135784015426,1.0,2.45716821712712
-0.4968912981986346,-0.7422914632410571,0.5471839006487553,-1.0,-1.0,-0.4411761372364686,4.37946675098825
-1.0,-0.93687390561985,-1.0,-0.2634940812932278,-0.6090431105987639,0.096451054062308,-5.155045793019926
-1.0,-0.77850741676678,-0.6926921146017444,-1.0,0.7969160930510009,1.0,1.9226245138088123
1.0,1.0,0.481147565319727,1.0,1.0,1.0,-3.094253147883938
0.2156537012717663,1.0,-0.3536505617964864,1.0,1.0,1.0,5.172481754839032
-1.0,-1.0,-0.5863192867419851,-1.0,0.970051235751526,1.0,0.42257671919222467
1.0,0.3427892825109087,-0.8299055029423399,-1.0,-1.0,-1.0,7.196315631202114
-0.0145026154055918,1.0,-0.2443449023744697,0.6904438287706824,0.2130717818460268,0.9384324309784616,3.111863503288859
-0.3394518344275004,-0.3082114143448613,-0.4604617820471202,-0.4855194864716607,0.8665571129739975,1.0,4.62480990849753
0.5464882050081943,0.566940317480932,-1.0,1.0,1.0,1.0,5.397332529531381
-1.0,-1.0,-1.0,-1.0,-0.3027554534237369,1.0,-1.5729942724112533
0.2753157664758396,0.3732696681692209,-0.0149703052097767,-0.7068363194302016,-1.0,-1.0,1.9419697813425976
0.0306623269295489,1.0,1.0,-0.989353595217276,1.0,0.7026136341726077,-0.7057021077344738
1.0,1.0,0.4964002955432445,1.0,1.0,1.0,-3.2459806681296026
-1.0,-0.747077502425628,-0.2455133680998444,-1.0,1.0,-1.0,9.587217546040785
1.0,0.7181065302246117,0.5596790647789927,0.0235628697209195,0.2925323982297247,0.3632901080681783,-1.3478704534924935
-1.0,-0.4120601190523558,-0.6568263203425824,-0.4951134427168557,0.77320678482631,-1.0,6.3886194057454855
-1.0,1.0,-1.0,-0.8926710906256032,-1.0,-0.7740256424884364,1.0896528037098485
0.3364386022378174,-1.0,1.0,-0.4736460464629091,1.0,0.0965479626987206,-0.7360675811887718
1.0,1.0,1.0,1.0,-0.9411245620568433,-0.8118081871953684,7.072023183867571
-1.0,-0.047536762736756,-1.0,-0.2451251431397636,-0.325119700066109,-1.0,4.266794819544143
1.0,1.0,0.7153044292276587,-1.0,-1.0,0.995790553731084,8.950203129948564
-0.703477884232103,1.0,0.7377204984629906,-1.0,-1.0,-1.0,-2.87229207539745
1.0,1.0,1.0,1.0,1.0,-0.5006370944964327,-6.986937802814403
0.7160027506321007,0.0214154460470481,1.0,0.3902925170463158,-0.9523540708317952,-0.4138849223665977,2.9344942272667485
-1.0,0.2000094898011049,-0.9628608461831624,-1.0,1.0,-0.6312036681353486,1.987578326480255
1.0,0.6390367121603975,1.0,0.601176560765613,0.6594772567981431,-1.0,-1.0246897287360501
1.0,1.0,0.6256933457261844,1.0,1.0,0.8520668600185819,-5.509080311800765
0.8984387472265669,-1.0,-1.0,-0.2321973339722733,-1.0,-1.0,6.808067520352458
0.972485845627195,0.1466919152335832,0.460291421812145,1.0,-1.0,-0.9842861461767736,8.64506714449943
-0.5214912199063202,-1.0,-0.7347323641187851,-0.9598831049861924,0.7222727188023681,-1.0,4.141335958820207
0.1089425524559235,1.0,1.0,0.8838036563319402,0.7885459297310222,0.0989071482143078,-5.416466529991186
-0.4527112969266411,-1.0,-0.4908652637902242,-1.0,-1.0,-0.3401150902579795,3.497411367400325
1.0,1.0,-0.0167860483624804,-0.0636979532244372,-1.0,1.0,8.589401873924533
-1.0,0.1883208345312088,-1.0,-1.0,-1.0,-0.0697915117842757,-2.098311486512019
-0.4977036562110428,0.9677626845328492,1.0,-1.0,0.6258737332380779,0.3061513974951697,-3.3373348240913048
0.0889920693989037,0.3745889412686669,1.0,0.634319890269166,-1.0,-1.0,0.9181349281362883
-0.5334553344700799,-0.4390289037280328,-1.0,-1.0,-1.0,0.8799133037773361,4.925017539552161
0.4282401542756839,1.0,0.0276634305648197,0.3865278726178955,0.2202919234889486,0.7053936678989505,0.7971330783233682
-1.0,-1.0,-0.0437378028233648,-0.5278600555034025,0.1525028315320673,1.0,-1.4414660639113934
1.0,0.1335794739951459,1.0,1.0,1.0,0.4648816908091324,-6.192457484642152
-1.0,-0.0697208034899719,-1.0,-0.5881146383991342,0.9929613496944896,0.8019641581731238,5.273505011253471
1.0,1.0,-1.0,1.0,1.0,0.5067196572379336,-2.046701738625033
0.377747140110626,0.3485078290429488,-0.2018898968297122,1.0,-1.0,-0.2120481633628168,1.7858716560989167
1.0,-1.0,0.8089043355692727,-1.0,0.4188246304966874,0.0425097931140718,0.1596695532125133
1.0,0.3116843045374375,0.9274730978569954,1.0,-0.3249384445764762,-0.2519875188666709,1.6731810079762568
1.0,0.0488485021806337,0.9289496535201428,-0.2542683061105708,1.0,-0.200190747430704,-2.554012407335467
-1.0,-0.8196306343735362,-1.0,-0.5815769576806267,-0.1760086482601566,-1.0,4.093753264687689
-1.0,0.6920351924463846,1.0,-1.0,-1.0,-0.1459139179926176,-3.6350036604330187
-1.0,-0.6542389121259236,-0.2447469114022991,-1.0,-0.0722897491793377,-1.0,4.484740557347781
-1.0,-1.0,-0.7469043444890482,-0.9072381145472872,-1.0,0.9301161691369816,0.6151678180518262
-1.0,-1.0,-1.0,-1.0,-1.0,-0.690640585702899,1.0675306263788789
1.0,-1.0,1.0,0.0562403703818898,1.0,1.0,-6.741800192062099
0.3436902449348809,-0.42177252357782,-1.0,-1.0,0.6797813964621826,-1.0,2.4280575991980715
-0.0886019022947217,-0.9753508254893792,0.4402616431956803,0.0643604747744324,-1.0,-0.6232275900541431,3.2390216343164164
-0.1508818344436584,-0.732025358741216,-1.0,-1.0,0.401733994897588,1.0,1.4807047022630564
1.0,0.5716963956691876,0.1299384468483739,0.3187087240142148,-1.0,-1.0,6.8638230173687536
1.0,1.0,0.7660786421967491,1.0,-1.0,-0.0912239723484225,4.307273832844252
-1.0,0.421713357471865,-0.5598169253053542,-0.8822691121058255,-0.7863111084983072,-0.4766650852422558,-1.1722420781972074
1.0,0.1888979667294472,1.0,1.0,1.0,-1.0,-3.4979704793350095
0.0951044539398375,1.0,1.0,1.0,0.3123427109971006,1.0,-5.630568231365222
0.7469731057867839,1.0,0.1999797589304734,1.0,1.0,1.0,0.4468263193477658
-1.0,-0.5638199228139935,-0.8382268899260086,-0.8872022126874459,1.0,0.3689368789880523,-0.3690738333678798
-1.0,-1.0,-1.0,-0.6688347320822094,-1.0,-1.0,2.1335364248998863
1.0,0.5368754689787296,1.0,1.0,0.8076602273984901,1.0,-7.271696955728234
-0.3495224748523333,-1.0,-1.0,-0.4266066374678081,0.3752242263713989,-1.0,2.9887216934960676
-0.156683856099397,-1.0,-0.929751208139166,-1.0,-1.0,-0.8680597035430944,4.832088685174447
1.0,0.8945144493414148,0.2437591004244947,1.0,-0.7072622344107959,-0.956974838905787,9.779716932616097
-1.0,-0.9855142559692716,-0.246785630769269,-1.0,1.0,-1.0,9.332139945300723
-1.0,-1.0,-1.0,0.2761683533939494,0.9881587613452107,-1.0,2.5533286693048924
1.0,0.2726493321455996,-1.0,0.1695219756461727,1.0,1.0,3.1029143826284535
1.0,0.5324124728656974,0.8506478584436021,1.0,1.0,0.5870399700836997,-6.1349995432747235
1.0,0.343264992585822,1.0,0.2221761096773113,-1.0,0.1864622317282886,3.888539827039369
-1.0,-1.0,-0.4202209924068194,-1.0,-1.0,1.0,1.0444609645393912
0.9183762028950302,-0.9568406486652076,0.8963627063151176,0.7221376200659919,0.0239671167762309,1.0,0.7790540991859949
0.7947729693019168,0.2202052206262599,1.0,-0.4724739337256507,0.5261084788954109,1.0,-3.396262515051216
1.0,0.3487496654779454,-1.0,1.0,1.0,0.5270797306164885,-2.797615675730035
0.0716771989576947,-0.5723217878398803,1.0,1.0,-0.7328202557402272,-1.0,2.0369717306248507
-0.3663881051952726,1.0,0.0013621384436797,1.0,1.0,0.4509555041273596,1.211963349791658
1.0,1.0,0.7591496756513956,1.0,1.0,0.0599493178391703,-6.263685271033066
1.0,0.3010969286766856,0.5830897736474876,1.0,-0.1845769245189679,0.0213518876184908,0.8446890450317797
-1.0,-0.6784053832754384,-1.0,-0.5796794951604372,0.1293272346260836,0.3601667649896971,-2.7230025001971363
-0.1421941518502538,-1.0,0.6163625208185151,0.868937981386162,-0.5864906782912365,0.935170999542274,2.157029609064054
0.8723147194709637,0.1638598051871165,1.0,0.1891354163081204,1.0,-0.8177156174099143,-0.8346968256921024
-0.5381426116611909,-0.6945101342078612,-1.0,-0.0728973265384818,-1.0,0.6527469195488553,-0.257533942699925
-0.6577895924216561,-1.0,-1.0,-1.0,-0.083139248971813,-1.0,3.089913647237637
1.0,1.0,0.174809206726431,0.7071720243076622,-0.4479636761338206,-0.1400343646188466,2.4154675949901465
-0.9267243430473504,-1.0,-0.3078386553351901,-1.0,-1.0,1.0,1.51229205339793
-1.0,-1.0,-0.8717053316675052,-0.2152414219812304,-1.0,0.5881948724194577,-4.156205947086916
0.5137416909042853,-0.0475176904851553,-1.0,0.9926190299297653,-1.0,-1.0,3.5986432046544916
-0.0790293898278799,-0.0964271870228969,-0.4797461581200475,-0.3064612350262379,-1.0,-1.0,0.769385771550177
1.0,0.7776884053455446,1.0,0.6933947763789583,0.6551696951279806,0.7729394211356015,-6.341966349494445
0.4753683407577649,-0.6667649789435348,1.0,-1.0,0.1529961425752102,-1.0,5.440917234102347
1.0,0.5271168274879674,0.6113787640397099,0.3831193602969593,1.0,1.0,-1.4970135797982673
0.4618245418820088,-1.0,-0.7213823894074161,-1.0,-1.0,-1.0,9.558201144911108
-1.0,1.0,-0.5359834748919619,-1.0,1.0,1.0,12.885995921517612
0.5442368857507995,1.0,0.5981877824484734,-0.7230835117048557,-0.2203300860293304,-1.0,1.344462754118729
0.9233785672294188,0.1687551300062659,1.0,1.0,1.0,0.5678032583747632,-6.1798484012314745
-0.5719561836197138,-0.8430876627825465,0.2527013415502994,-1.0,-0.1430190591004867,-1.0,5.536855393177787
-0.1309257225368341,-0.7909240652697915,-1.0,-0.8882285580607214,0.6747633786094698,0.8050023681678788,-0.7049030612280986
-1.0,-1.0,-1.0,-1.0,1.0,0.0981015928751907,-6.803510092215996
-1.0,-0.7332149289768568,1.0,-0.5892361463208888,-1.0,-0.4852965045250073,0.13937173955961113
0.4935731045984979,0.16285352002314,0.4708414220990147,0.0301093355108243,-1.0,-0.5180320598872337,1.9100717896518635
0.5096135549983376,-0.9811451073929514,1.0,1.0,-1.0,-0.5815243527735487,5.571289634424014
-1.0,0.4676914898170687,-0.8260607188822175,-0.7724963923066746,-0.5192941855886324,-1.0,1.809021580797109
-0.0616688950152843,-1.0,1.0,-0.9204085813237504,0.0730319405221648,1.0,-2.4259784531707895
-0.2038691986432448,-1.0,-1.0,0.2351010629866119,-1.0,-1.0,-0.10815381346107711
1.0,0.4333770828434413,-0.1136181485821949,0.6150914730791233,-0.5741917587146874,-0.7829174548368816,4.636832786271414
1.0,0.767964389354598,1.0,1.0,-1.0,-1.0,8.609038516408084
1.0,0.8444235848102974,1.0,0.7230603728263219,1.0,1.0,-7.763132340386574
1.0,0.3771937048959302,-1.0,0.666732571165801,0.7048707709671695,-1.0,-0.821234307058851
0.3206638036771061,-1.0,1.0,0.1560732998710727,-0.4144998744703911,0.848062885573251,0.5826687404597117
-1.0,0.953658860301712,-0.9347317996625032,0.4031906668337139,0.0583377307801968,-0.6286098020506172,2.641898023961751
-1.0,-1.0,1.0,-0.2763727059081826,-1.0,-0.3541831349918687,0.4211969896030939
-1.0,-0.6554747792819877,-1.0,-1.0,1.0,0.8127795222659029,1.1915596061374354
1.0,1.0,0.0196532347692195,1.0,-0.9417123387385437,-1.0,11.833956377739053
0.7666551154200127,0.9513512846606824,0.2227314517644532,0.7852505321019401,1.0,0.3980200278411203,-1.9799711193476022
-0.4251886659891495,0.5113974065238591,-0.8611438806742038,-0.7748033726322396,-0.8623473403654738,-0.7332111151241965,-0.5957609651254778
-1.0,-0.4887860354488225,-1.0,-1.0,-0.7097461996179097,-1.0,3.40199666229731
0.6167750356143484,1.0,1.0,1.0,0.7466847784639061,0.9127177117909496,-7.844464396164674
0.6824872057145677,0.918494419267819,1.0,0.9523312274952398,-0.1313542466226376,-1.0,1.7904881505542685
-1.0,0.3808345901203078,-0.819123927239811,-0.7207237251907945,1.0,0.9210179309954372,9.05793569294786
-1.0,-1.0,-1.0,-1.0,1.0,1.0,-1.0295750331644933
1.0,1.0,0.3835247198480016,0.5416300713531166,1.0,0.446869965487205,-3.012761278330866
1.0,0.3331942042171651,0.7861278050424785,0.5029775675543819,1.0,1.0,-3.1474777320896496
