x1,x2,x3,y
-0.4117572169421082,-0.5259254571407743,-0.47107346767996017,1.0427823432990952
-0.5026407639938708,1.0,0.218566669003889,5.578685472641643
-0.06482723404648039,-0.777177624439944,-0.26248690511591755,2.467873795607625
-1.0,0.11532502430497571,0.34957243549037353,-4.884210581117522
0.6901221782898939,0.370810486061361,-1.0,-0.45148263128292226
-0.25003842221203487,0.2878927035862777,0.5002496681406279,-0.2764581843251415
-0.129960376656852,0.12847642122549674,-0.19993388634810172,-0.11400308901087292
0.3621115765558147,0.08150101087984352,1.0,0.1211192545813507
-1.0,1.0,-1.0,21.608117192119348
-0.9011390792754568,-1.0,-0.18616239142843582,6.203135054820568
-0.6301313141560125,-0.6337222497249844,-0.8341134254383544,0.08804463911635717
0.5395974202620384,0.3140360061866343,-0.5217400168025426,1.9777438371820049
-0.3836660923652597,-0.7808386060880086,-0.7408998282433472,-1.6471571175779918
-1.0,-0.46950667498323573,-0.7003866377997332,0.07508216752719188
1.0,1.0,-0.7568205769350187,28.505964007249414
-0.6127784296828156,-0.466661489016275,0.13753143237095466,1.0811743323606233
1.0,-0.6255822239431064,-0.6489899814537017,4.877931899787521
1.0,-0.5561079390902692,-0.922485540975301,3.9859208746936368
-0.974022223302619,-0.05162890039572865,0.4946285815218636,-2.363660733804951
0.7452361350774159,-0.33161089656998133,0.9700847890057069,-0.6006650525939042
1.0,0.25315350804706727,1.0,16.855304896105086
1.0,-0.18330000132778235,0.6463065921675915,6.702396640938655
0.7325947487832896,0.05594003644744361,0.5309511727547869,2.2984959717751168
-0.7356429724970628,-0.1262951587683263,0.5007469310908705,-0.25013198475192533
-1.0,-0.2537901696159144,0.5618276093660848,-1.2617345252336876
0.16577057159403208,-0.7925346062947007,0.10209656951088486,2.0693254554911595
0.25168461127646746,0.2675373933288372,0.056442119871087826,1.5401361751038367
-0.5408239101209025,-0.34768921555050447,0.3134646020854577,0.6234265301409023
-0.009274611300884805,0.5164147659800622,1.0,3.5902411983685814
-0.3578582410131099,-0.931924752592366,0.795384862419378,-0.2561213899524978
0.4961240305667223,1.0,-1.0,7.5521962743203535
-0.1099119824589252,-1.0,-1.0,-15.588539469466932
-0.29904031489848126,0.39634846198155005,1.0,3.165336013950644
1.0,-0.31188922517710815,0.03882213121307676,4.371539517202274
1.0,-0.2684576785007531,0.8570590661367128,7.950455944042361
1.0,-0.06766602107337594,-0.9284710071739501,8.322341666613543
-0.06007566325619895,-0.5730905090403124,0.8099869274824802,-0.04785678755489764
0.8569202262912459,-1.0,-1.0,-28.785272223556955
0.10920351441463283,0.2550526500099881,0.024386189854887608,0.24746335129258434
0.4174382302887196,-0.14061410571296284,-0.20891860045161903,1.411257947447187
-0.22034845778574463,-0.9020904688304086,0.16311984874866603,2.8786082214606625
1.0,0.06118830580218648,-0.5385916680364269,4.247023788165485
-0.3017437185056273,-1.0,0.3159970569581274,2.230516212334447
1.0,0.24723166200138458,-0.4420385566466676,4.941152269885576
-0.45662871147608675,0.656381644839088,1.0,5.967490087381436
-0.5872165586360889,-1.0,0.2635527967778406,4.1206329020047825
0.8422329897701943,1.0,1.0,17.103961500641752
-0.23160245125195633,0.27742165662570417,0.7589027701703879,-0.2990902030422643
-0.286297426627512,-1.0,0.565957891719687,1.1685439534701505
0.30123225001105514,0.5741031540481012,-0.5361660632368883,0.7683812890259343
-1.0,-0.021916166182642804,-0.6923938644715848,0.45221056949633043
1.0,1.0,-1.0,38.966397038734286
-1.0,1.0,-0.5511490543286932,12.421894727818161
0.12611493371241078,-1.0,-0.03254271912158169,2.5779580687637464
-0.13585422840620542,0.5837236287794518,-1.0,-4.507801236431362
-1.0,-0.9512624211799012,-0.9106309672308954,3.5516679848540726
-0.36569656786495464,-0.09252286481924665,0.3546573613737496,-0.5956130420658232
-0.4286498810072654,-0.5420299694378032,0.014063865199492431,0.12953836832721233
0.4930812242597835,0.574238832964542,-1.0,-1.9049294595451118
-0.9822538659847408,-0.8642500733901741,-0.03185386510591948,5.108281529845438
-0.13050510037910956,-0.6969920036654806,1.0,-1.2606023570574294
0.8523297521388189,-0.8690281533560724,-1.0,-15.109415584124768
1.0,0.17730249873839377,0.16996326023446828,5.346634724847781
-0.3428410872526675,0.9278255683879559,-0.3898368068319047,3.441523176932972
0.5054961093482773,-0.9322439367601394,0.013624121389464339,1.125697893057108
-0.6973580347291872,1.0,1.0,16.075248818232016
-0.9155946027047897,0.28928984060256946,-0.06073996479482613,-3.4866265591065826
-0.26418069729424687,0.7519260202606346,-1.0,-4.040857231447749
-0.2202663811312069,-0.07976368717036886,-1.0,-3.64066778616355
1.0,-0.3213000164502766,-0.9937889293266322,4.202067811584735
-0.077755402873108,-0.7914280854562536,1.0,-2.697694114332856
0.4156540956097563,-0.373532243218746,0.8084813091524254,0.4228397013257851
-0.04060718278596642,0.5848002537261923,0.014217407864575371,-0.1397503293309949
-0.2789803282420513,-0.6013183636919963,-0.012448330113567163,1.5717539166580068
1.0,0.8675800195299186,0.6896562531780408,14.367610082272424
0.28263024724459185,0.3301218309833789,-0.18318162024689943,0.7566924740531105
0.2533425840831929,1.0,0.43847962458298384,7.251863000645236
0.9666283035944123,0.5725045652209071,-0.7480798494783476,7.16405080673332
0.3724046983888061,0.047174309871622855,1.0,-0.4460954445936033
0.8213730597472411,0.00964678746450054,-1.0,0.40508945645906835
0.412647849034971,-0.9704185738146296,-0.2417651976648576,0.6413552241013785
-1.0,-0.014900385448248343,1.0,3.543104267044688
0.6383026264995297,1.0,1.0,11.035472118847808
-0.29196152993876456,-1.0,-1.0,-14.544765551894448
-0.27491201178527636,-0.17003425744839262,-1.0,-2.952853487098177
-0.2140316473471875,0.5797131631444361,-0.6291531692042021,-0.23751027183572448
0.15019515672638284,0.4512111849295377,-0.14231014455952118,0.6876715514650753
-0.27834670776996884,-0.9666506308974743,-0.2503746956729189,2.5933114365305334
-0.040094580675392066,-0.16979562675244608,-1.0,-3.8424757126484623
-0.004334995327879065,-0.26834155767907,-0.8477429289217384,-0.5398060481892705
0.9958507216300367,-0.18601116128665263,-0.921075265462215,7.074610633293525
1.0,0.11126589749295235,-0.24888091315569372,4.4605553795600725
0.5025126991265696,-1.0,0.5841144267560034,-1.089806378425487
0.23253805635152447,0.6936502642445546,-0.7723000171790819,-0.07194086113488918
-0.3431405607931648,-0.5733291466170949,-0.7759342441115087,-0.22809088277946
0.2776131299146918,-0.6597850513350634,-0.6426509733158337,0.3068103336432322
1.0,0.47367077014113,-0.9333667662949141,11.159209415204051
0.12473045571119812,0.024055088900659438,0.9504463403208394,-0.8290823458360062
-0.7378468768991553,0.4374521564641447,-1.0,2.690810244660693
0.07725526867033317,0.9406641471065491,-0.005932284423850742,4.919810776950034
-0.46952033970129947,-0.10129950835825352,1.0,1.5323635264175264
-0.5585442018690157,-0.6672422296225298,-1.0,-3.554315995948089
0.8395388515239355,0.4627662420806278,-0.31631786594590805,2.037023335587026
-0.27773764048594507,-1.0,0.6239418252593083,0.38114141413198366
-0.2062056671611061,-0.22598540422293656,1.0,-0.5725207067716572
-0.08983847524561805,-0.7601532249649174,-0.025817401139853757,2.434021421478258
0.12721766293665504,0.4983332231497368,-0.05489852431103848,0.5365319130840231
-1.0,0.0257966935155578,1.0,3.2328535764766464
-1.0,-0.27457267202193303,-1.0,7.557967142408963
1.0,0.9235353090929246,-0.059120793630539126,11.00889688128075
-0.5998449582696448,1.0,-1.0,0.7473684719752396
-1.0,-1.0,0.9718053772183801,21.002609883101076
-1.0,1.0,0.350675166777372,3.3105137802029603
0.8569133124331489,0.6942963647982285,0.07918040335856813,5.153406695475748
0.16528430900922864,1.0,0.3365341344024013,7.006912672051078
0.09208062889720803,-0.325738626498032,0.28790988079145907,1.1617690490054176
-1.0,-0.6527401188340585,-1.0,5.483693526757044
-0.3154463137982164,0.1328061418914699,-0.863772372887494,-1.3758723944473163
-0.5366207516175998,0.14318548052736269,-1.0,-0.2650950195343138
-1.0,0.813622126329826,-0.6131816845998843,7.414401969831918
0.4977115016451932,-1.0,-0.11728548046003451,-0.19952708851060103
0.9300959338824499,-0.7881571573925996,1.0,-2.021482411924585
0.3095952474798953,0.4164363502734294,1.0,1.9561101274486048
-1.0,-0.5530797667543408,-1.0,4.643802259546854
-0.2976964539875091,1.0,-0.3484562716099109,7.411304974654396
-0.7908103088752836,0.03402208066187162,0.7069461500411636,-1.178712207070967
0.12650216185852559,-0.3376811450151316,0.16293369846625305,0.46485738727349846
0.0018624418709627388,1.0,1.0,12.233564182158114
-1.0,0.3859769204750756,0.06891699926336958,-4.133836073909551
-0.5818334355247992,-0.04786241209069497,1.0,1.4977738024185705
-0.019439672635086946,0.5661480503632881,-0.2985883665274398,0.7042910907645082
1.0,0.14831795173071094,1.0,14.973212938824675
-1.0,0.009184062857968023,-0.16704441202290177,-3.4926936906416435
0.8455652301242536,1.0,-0.08139678117004867,10.027508695956136
-0.7113423092576663,0.7124852893553479,-0.42977006763803893,-1.2340980547459437
0.7515476746297178,0.31280581616326253,0.6666822411540752,3.853903445872596
-1.0,-1.0,0.15627929370327553,8.257721809294368
1.0,-1.0,1.0,-9.029016351552198
-0.1377992476267833,-0.21828498753612946,-0.817199844396225,-0.8936711108854224
0.11667658535759995,-1.0,-1.0,-18.340354443842838
0.2363154662272815,0.42170672318136915,-0.06159928302078632,-0.2643568001691603
-0.5373849814752063,-0.8824520453855229,0.14480344995616168,3.3170431564964957
-1.0,-1.0,-0.6307531748811976,4.68701216298226
-0.33660089215060895,-1.0,0.29396445190403075,2.4802316168117216
-0.35528856889422467,-0.3445063029044453,0.5105297499235335,-0.30766592676945725
-0.5717643171427371,1.0,0.31462239321375507,4.358106313579079
-0.32855186530304725,-0.6523427238809978,0.7419043217754582,0.2805132843990714
-0.6820673702668902,-1.0,0.13604758345505052,5.291121734503649
0.7264925499130668,-0.6444231895302341,-0.37902618881567207,0.7256491750293679
-1.0,-0.40113419790130456,0.06617992314848653,-3.4905121538636426
1.0,-0.3288711296327955,0.2489699891036159,4.808240672892191
0.4889692233464853,0.9440110851576429,-0.8314835143090911,6.709355376124855
-0.095358623777134,1.0,0.21660780989805595,7.772745935325955
-0.20250540597443822,0.36681641537225174,-0.04988753019125092,-0.26772479501886465
0.10890707211529338,1.0,-0.2067136276824857,9.183001791831897
0.5915855961572045,-0.788219207890841,-1.0,-12.360630935531615
0.055128128789385,-0.35240628544573527,-1.0,-4.760450839980209
-0.09381452930496681,1.0,1.0,14.753283729387203
0.43289772368926993,-0.8429172794090909,-0.4768943408007065,0.13786866323125696
-0.29532861301828794,-0.6309510462721761,-1.0,-5.495681066092364
-0.8628201880376256,-0.6743590286188355,-0.7182739758254235,1.777718039057401
0.44267583228556284,-1.0,-0.06547531486186053,0.055292335313977536
0.12321041219755546,1.0,-0.8554236152453527,8.59565430224414
0.11748930491736376,-1.0,-0.8164347977544189,-8.684482563832983
0.9523934548123771,-1.0,0.34012537044152946,-6.528513019321093
0.42298429548808536,1.0,0.09575592303288394,7.666555834543503
-1.0,-0.9416391678304374,-1.0,3.535903425949993
1.0,1.0,-0.014794186537197884,14.440362750136059
-0.5442223593180144,-0.9584552089823541,0.8867106139091676,0.8406422317770188
-0.594620001203991,0.43444584053330626,-1.0,-1.5255430293301622
0.9789123636331702,0.06491163106273379,-1.0,7.392540875751286
-0.05190256328160259,0.06199370203133925,-0.6740049578019918,0.5360724094078502
0.7206286838803093,-0.5306503831165559,-0.1535161232855875,0.942867088475517
0.585062816106589,1.0,0.03935995756866095,7.3466312235599345
-1.0,0.7537714647488769,1.0,10.175802785583345
-1.0,1.0,0.6669192077121806,1.9060513955701666
-0.6168195176079498,0.5911231519401912,1.0,5.28713239219999
-1.0,-1.0,-0.24605425250774626,6.372406905904634
-0.16512311628134468,-0.211254191711844,0.035037471988854874,-0.03014612936404726
0.26069506288294075,1.0,-0.7496471278387951,11.32887943870255
-0.16979064000748645,0.1766877508400606,-0.6339160592102269,0.07371303254196952
0.8961905340883944,0.289671881866052,-0.8233433690462724,4.175998622945114
1.0,0.2936435195343101,-1.0,9.985965731392092
-0.11546924535796532,1.0,-1.0,2.963197350275289
0.6181869274552929,1.0,0.29304941988072475,6.578799414686303
-1.0,0.5022505622164097,-1.0,17.085150078035348
1.0,1.0,0.5642917270980299,14.482705298713368
0.8289877574713602,-0.861719314791124,-0.40305035017828894,-1.6800752261594716
-0.7695749932893918,-0.7446299347067249,-0.4641238982716729,2.7789505812050863
-0.8578387110206616,-0.567280623127413,-0.8316218304650684,2.0089790875723277
0.07725667214311693,-0.7613313204135725,-1.0,-8.229138192383258
-0.7150680763389414,-0.7821396572298462,0.9494963407821049,3.799119300356009
0.8540924724162213,-1.0,0.7017285167378906,-3.5692603090151813
-1.0,-0.6597258094995389,0.43016353691944853,2.223128833364015
0.6135068580620477,0.6382537415655376,1.0,7.062990436188767
0.1454092688094326,-0.175191163442604,-0.20208837445190886,1.099606687126557
0.01491904534256916,1.0,-0.44383825833072277,9.17474957818315
0.8811794816164649,0.7699187133895395,-0.22895637253937084,4.5517499963834736
0.4636559832515219,-0.8177873504109396,0.17785687811679107,1.6306912404249037
-0.6097285661511247,0.2633290959736634,-0.4220395973391846,-1.6707394196669594
0.15897630799346563,0.4454625953739906,1.0,2.691143932078205
0.07887936891512837,-0.0007436997917944499,0.2478455017119121,0.5558077142424362
-1.0,-0.7180754094021882,0.6961972098355551,7.713320183189851
-1.0,-0.9863696289554467,0.05460705118974607,7.981416026504252
-0.9247756299644965,0.34969176483289943,-0.28655568042704127,-2.6342840115122375
-0.5526340469692304,0.4010718016577577,-0.068343512755491,-1.7587383328021469
-1.0,-0.9632512041709491,0.012215045689560666,6.744743597360717
0.45780550387413377,-0.7460703553496841,-0.5275628241779737,0.5350317116362922
0.9528039250127225,-0.17265216117244253,-0.3337744013999997,3.9719228726245923
0.9918078672210282,0.6875674629320523,0.9383701967525508,20.933928984911915
1.0,-1.0,-0.2757251530348941,-9.270499218154681
-0.7027799818814837,1.0,-0.29214483758683163,5.415580450912978
0.5191593818246136,1.0,1.0,9.619625894971211
-1.0,-1.0,-0.37603917579790935,5.446857733469327
1.0,0.9939730238794948,-0.016793533950110406,14.07295915667422
-0.2981471651314471,1.0,0.1666240173287823,5.82419160072653
-0.08606919123747891,-0.7302286609373232,-0.35975768916086626,1.135860018324669
-0.6810844970948655,0.1835192491766786,0.3705799909638261,-1.6883919488776153
0.39735009706734337,-0.08540333304922276,-0.3537673959549743,1.9412127553592813
0.006481072384522113,-0.40704713884942834,0.18705053630029078,0.4601557883858896
0.2567271172826844,-1.0,1.0,-6.835979464714798
-0.25387730981276113,-0.105213350234995,0.1202900111702292,-0.15002931790868693
-0.9875395851017839,0.34980878748832933,-0.9345662853406524,10.348930497741929
0.17280570224864533,-1.0,0.8395681530123287,-4.400264485183886
-0.2677309224574309,0.4426964220499572,-0.4247737733684156,0.5150442332506137
0.5730566564166586,-0.44762751769303244,-0.21516498960846397,1.198902411945373
-0.5847552309412674,0.905499099118962,-1.0,-2.5904984753163607
0.09469539334911592,0.20083098964085844,0.17593390589561908,0.30694267369188616
-0.10271216161285501,0.8581606985780126,-0.34752138390188003,3.2729693824179162
1.0,-0.13323089258057097,0.31941569490893085,6.0022955391401505
-0.3537256180676871,-0.2122321224804431,0.07995526379245765,1.1586660657486691
-0.09054083554609882,-1.0,-1.0,-15.876355149958561
-0.0022553788835089073,1.0,0.8782678335175962,10.766984210243804
0.07431034965993688,0.7512538695496831,-0.038018798559107614,1.830026858130641
-0.033537792516042275,-0.7109410111093277,0.3094049132892427,0.2621087027304726
-0.5879365850331024,-0.008491956752802565,-0.040243439656115765,-0.5973050165708751
0.327154151473406,-1.0,-0.8528703412083982,-11.417317774836185
0.3877243043269154,-0.5440761298827408,-0.2860193530790902,1.8106934216913657
0.9151778820544894,-1.0,-0.22703785724141734,-7.031512788611628
-1.0,0.9524481325981708,0.9829038901038503,14.007334170877405
1.0,-1.0,0.1543068525831608,-7.486146750338351
-0.21646274579375846,-0.9026473496800111,0.4611589232399571,1.3458581280238828
-0.9677763117544154,0.5108386811299572,-0.5046369059892382,-0.8690907909235563
1.0,-0.42637201440164363,0.39761004487304086,4.541377254640752
-0.8144087143870622,1.0,1.0,15.882335243211307
-0.4707439544047265,0.47054686764167175,-0.6810218849615686,-1.1023360180810409
0.3830704013055706,-0.2876078897328187,-0.07378312695066236,0.7739913686378227
0.31136435588149713,-0.008037923083374476,-0.463121007647727,1.8025095035035377
0.4534628200017674,0.5689450961537261,-0.14045641017805788,1.0126402937041883
-0.4180676592283381,-0.14212080373724567,-1.0,-0.8674537308709718
1.0,-0.49776316163031353,-1.0,1.9492970527018763
0.6647579523503417,-1.0,1.0,-6.997763860109616
1.0,-0.4509150497786416,-0.06980400513711849,3.842906082875581
1.0,-0.8840827419323052,0.8283477392013106,-0.9941935664863559
-0.7086497243192862,0.9552978221422752,1.0,14.587506685386503
-1.0,1.0,-0.03228904434868207,8.065407118259763
0.9212854163411079,-1.0,0.02570818381634199,-5.623711144455574
-0.582002726296502,-0.3909652587929071,-0.06942274303227935,0.7933196714158454
0.04733110428685361,1.0,1.0,11.80154552560981
-0.5369187427909896,-0.562993197295796,1.0,1.6407084007517878
-0.3969460593508838,-0.6533950660898045,1.0,0.4001828351387387
-0.040222602271642094,-1.0,0.3675955745764463,1.916885920774533
-0.2562555807802187,0.30580038345990124,-0.1822865494525696,-0.8883281289078819
-1.0,0.2457164810522654,-0.2312098372993021,-3.363243267781774
-0.7094639794073094,-0.7371577365184472,-0.17524481089038257,2.887220488296525
0.7794267364265304,-0.9274553177350118,1.0,-4.889154987759495
-0.972403276307064,0.9923502505323463,-0.07164083337947713,7.696883632990542
1.0,0.8581247152071534,0.012772291427741944,9.108140104605523
-0.4025997757321458,-1.0,-0.018252423642495685,3.864016892707652
0.0777271334691092,0.8691894430087141,0.8992532558815123,7.0518436779894635
0.7550051032055265,0.3120136788129979,0.003698640338907211,1.986788430371846
0.23535646927318643,-0.3928192417369696,0.9017431435030749,-1.4867715435331055
-0.12054852770002111,0.38356263978463234,0.8759458947291823,0.6909692017619099
0.46528571089708426,-0.06170777776990777,-0.13540831784673757,1.6985833684824274
0.6162022619582253,-0.630551717240396,0.11937646032113247,1.238402312412439
-1.0,-0.27098298334624604,0.2687339044106294,-3.9989366179573107
0.7714932626391546,0.7016885447605694,1.0,11.243887167696846
0.9248179295509427,0.493573330777058,0.32217456808765466,5.8799678988597375
0.20383644740371043,-0.05132556988916681,-0.36989797692400295,1.3581731850962335
-1.0,0.37460586755086855,0.06259325345702638,-4.472640856200215
-0.17914905263681336,-0.6877120076216123,0.319462635295618,1.512058838616038
-0.5791190377766016,-0.004165857368280346,-0.5588510930369475,-1.2154734961395852
0.9511746190713952,-0.694507228274829,-1.0,-5.321406128365569
0.45968011978108936,-0.4219745020591563,0.9830631112736898,-2.179068477664922
0.23372758539418426,0.8384450796824972,-0.6777674931902027,3.472826317398617
-1.0,-0.40653890370207857,0.8420898735722324,3.6493871461515783
-0.10961761965357608,-0.16760636318941136,-0.0040813048035097665,1.1430528110517206
-1.0,-0.11482584586843214,0.8170241658259383,-0.10262789965846014
-0.13238236657947344,-1.0,1.0,-5.3705948294143475
-0.3731538195614388,-0.14485788600905258,-0.7892635670562769,0.30580226179069103
0.6368434426065448,0.46211382961205927,-1.0,-1.1436033657296165
0.8596306316777247,-0.7074951361234938,1.0,-1.90283882059164
-1.0,-1.0,-0.14640949443512352,7.35475421263643
-0.06536502425451318,0.5104329082972026,-0.8070052028121417,-0.3954810341552139
-0.27343735458260654,1.0,-0.11581880855487481,8.07792249849403
-1.0,-0.7060991454295857,-1.0,5.388517437529132
-0.3798376333808968,-0.3379530013296943,-0.8829063440934346,-0.7672731966937397
0.07837704572491289,-1.0,0.25429107930664197,1.7352848797655693
0.09239255392388457,0.3708960114883566,0.2685347367232753,0.6565923069763087
0.6340785980403809,-0.30037796652958804,-1.0,-3.1817897740255208
0.7462975505627865,-0.7705809726675568,0.14023290381777898,0.6695217666232507
1.0,0.1511785437200377,-1.0,9.482134658624474
-0.01461987762509076,-0.3621161736707341,-0.7363117004160458,0.36189739664304166
-0.016054856071127332,-0.19704768529747474,0.6115237873301262,-0.21223473566699996
-0.3208202283131858,-0.9079713366874793,1.0,-2.5898300024751704
-1.0,-0.7307911866066961,-0.49000575570205096,1.4042956600565373
0.004786855772594745,-0.8896052900217248,0.7256251922791708,-0.4784801454047354
-1.0,0.06697542950882807,-0.3666341332713634,-2.9923039495902866
-0.32039266573784553,-0.25118950833037945,-0.6517285403020356,0.43228428527502655
0.7808346659713181,0.10514519831524294,-0.15593755040454016,2.5843849419120692
-0.27865366994622187,0.1787196656583936,-0.17670130916582294,-1.0481346953251836
0.9991803501160219,-0.6423171588838423,-0.9393256775939545,0.7605742965796569
-1.0,-0.6360279757801608,0.30330757792034735,0.7536535870023049
0.30792367509055607,0.3291793230945208,-0.29932065999357227,0.742317121393379
1.0,-0.4625954187960979,0.8392274829816875,5.257690976588746
0.7611636281693717,-0.05313304932632801,0.6959925374670086,2.0041211640519627
-1.0,0.7531370987619754,0.5768836164588917,-2.748041554909385
-0.25722475397022193,1.0,-0.012803672975528091,7.46336765719953
-0.6423152899283078,-0.3254687729924548,-0.004057551961764938,0.5405477083318275
-0.6073922863493708,-1.0,0.6625783007086201,3.7193608579773283
-1.0,-0.18272098515465074,0.8139898849319074,-0.2869042267644037
-0.5292871546773574,0.28341256883377763,0.08469517218297917,-1.7881243739925632
-0.6101669176440099,-0.33522220875938147,0.1461657839498791,0.5127129894784097
-0.13437067882306852,0.9624015282362608,1.0,12.970495439914183
-0.8371948111652252,0.028336291926801982,1.0,2.6972721449220454
-1.0,-0.2999003825888784,1.0,5.7095264702433015
-1.0,1.0,-0.32601756773884194,11.048326672005135
-0.49717236100637074,0.797725922889335,-0.4726517237577823,-0.7001457587864675
0.7453489140090275,0.7570938387360922,1.0,11.496028742716687
-1.0,-1.0,1.0,22.579115454734048
0.13171752526123837,1.0,1.0,11.601487972494358
0.1227602170096238,1.0,0.5741949843982521,7.983923096249553
0.6249421816203697,1.0,-0.23134054982236774,9.858928655303515
0.6232066462623971,-0.274344404476601,0.9911044155105193,-1.997073838019444
-0.19820958141834755,-0.5937655765730503,1.0,-0.3469438667733832
-1.0,0.043480893218088124,0.050077991026035384,-4.701894546565886
1.0,0.7238747729486821,-0.15089150037064436,7.284900138450188
-0.31857454885597947,-0.3316563517362867,0.06472025804590364,0.07779456156566483
-0.04226085013421077,1.0,-0.1656162833050625,8.434734216557326
0.9774535361733991,0.5315271205661292,-1.0,11.767172398740547
-1.0,0.6544513077518057,0.5051961702326306,-3.225137266175284
-0.04240359098256552,-0.6117058966045827,-0.06773970050615219,1.1941495164756837
0.954781450937215,1.0,1.0,22.861373545108624
-0.6155954578113243,-1.0,-0.4214036894847828,2.8734355181867945
-0.7005355392248371,1.0,0.596082833588415,5.107178692055547
0.5995269399116532,-0.08385358662977982,1.0,-0.6412849155348462
1.0,-0.5314545315047914,-0.2923259379383025,4.126418249024554
0.8964943984890017,-0.1264768645799672,1.0,5.244165209166504
0.7829950255208629,0.1383555004852941,-1.0,0.6118740585170097
-0.6565681499437181,0.004146540137403454,-1.0,1.2131119248584747
0.07139240421800319,-1.0,0.504689266502949,1.5433307702102412
-0.194026171386529,-1.0,0.755450185516328,-0.25650585158030315
1.0,0.6075600225173632,-0.17191104204774432,6.451352281763161
-0.767418432821181,-0.3244840232248978,0.009288151817625323,0.09003110493360067
-0.03932079495015284,1.0,1.0,12.92420679423791
-0.5762972261088324,-0.6403630792871398,1.0,1.2423715941409914
1.0,-0.6106953759441509,1.0,2.2524455678436412
-0.3700477106131994,0.0839598910988606,-1.0,-2.3138230826090282
0.06361751536619464,-0.8548967993308048,-0.9293889333362659,-7.750320351238976
0.7547723482659716,1.0,-1.0,14.077352122202093
0.10411084291780681,0.1904052349738654,0.40353582853155046,0.3037572488681607
0.5622859264954927,-1.0,0.09198903574795092,-0.36506415791465324
-0.25461279333885667,0.7345077901754657,0.03293412135090534,0.30841569946920283
1.0,-0.17592355745432275,0.1994176213005907,4.828015473754931
-0.382208102892043,-0.18409865458859498,0.5729787047667887,0.5524943132492587
1.0,0.08867791283595361,0.25264885429200246,6.028729773474736
-1.0,0.8034007315793601,0.07222444828150132,-0.03482747589201557
0.1563676138536232,-0.34618109645182327,0.03524572069993326,1.6846176319607271
-1.0,-1.0,-1.0,2.9036578715821437
-0.24387128071126707,-0.1328984386952876,-0.43678134130214863,0.35904142096543196
-0.1699240214768467,-0.37887238239315946,-0.13403455494565142,1.551418369804606
-0.7682436681059588,0.654405207803342,0.46360658572198554,-2.5607434325526284
-0.7978326554197517,-0.6129271267771985,-1.0,1.4885933376736395
-0.5078161997738473,-0.5615838185159769,-0.9543649635382534,-2.21896974866822
0.49174285774008397,1.0,-0.5628391517239519,12.070638127474396
-0.12773590869209173,-0.035178686296844175,-0.7593668253744428,0.259807280154136
-0.967736690191175,-1.0,-0.7552046331539093,2.558168663028126
1.0,-0.3214219846362578,-1.0,4.932141951561
1.0,-0.23124911216075184,-0.8025571347536442,7.083384590760915
-0.5778717469399606,0.9344793573789818,1.0,13.157572756300715
0.41255901430026887,0.9136456840132829,-1.0,0.8410570252453802
-1.0,-0.655678622414704,-0.918172388242404,3.4563606898513415
-1.0,0.9809284227709696,-0.9476380571593417,18.03523484357022
0.029885146727486323,-0.8815490948815894,0.6579224499251015,-0.31870709866860386
0.3923110783360375,1.0,-0.9242549079126956,8.798274967645181
0.2711256799538042,-1.0,-0.24581159416672982,0.22681534545695226
1.0,-0.9852981003262129,0.6124955721401113,-5.154788003621372
-1.0,-0.11585465716326593,0.6153703787687217,-2.174545623366539
-1.0,1.0,-0.18978086698746388,9.339371209336914
-0.0007968869341254958,0.8025120184422683,-0.014885792502903117,2.1135647478197455
0.38770051465859723,-0.016602525004310698,0.4829989598886406,0.6622981819558196
-1.0,-0.6998610934223872,0.05708329573075965,1.145429285382328
0.33019785161167325,-0.2806303406971207,-0.587750691032564,0.3183184408014136
1.0,-0.28416122396278576,-1.0,5.410896253942025
-0.2701468731755414,0.534070994083738,1.0,4.886843032690751
0.9107302894607419,-0.28953379238932686,0.3310851556462877,3.7981986611435428
-0.28381110318222347,-0.21005492778528523,-1.0,-2.453461971165047
0.22245944480132396,-0.17072732758240283,0.0950639439260681,0.31449243980967434
-0.1318329604352333,0.5542871590717509,0.18512621433454757,0.15357605289433005
0.20022201669499173,0.44224198445694984,-0.24573932481934935,0.41580141973035184
0.5436940824805008,-0.7201238622732318,-0.7348345709505975,-1.3229552266440123
0.16817801509392716,-1.0,0.500846381364106,0.7816709893188378
-0.971699851719789,1.0,-0.29225524519351764,8.468706493453436
0.7148180162835251,-1.0,-0.9991029674627956,-25.243706282243842
0.2735880045088408,-1.0,9.311643206588727e-05,2.2558203194291933
-0.05883893674535101,-0.2977879683832756,-0.1286851946600318,1.108145266621968
0.9433929742167706,-1.0,0.6891358205486076,-4.5966706556179275
0.30429162267159415,-0.5091902628528435,1.0,-2.804381578454309
0.28084332648194366,-0.1669686579033538,0.12780099580775572,1.5887585262166724
-0.2757470149404637,0.29736021602840856,1.0,2.1182779434080183
1.0,-0.2870331720269754,0.17509991347118659,3.8930010373048325
-0.900326662947414,-0.9127971180179293,0.42606997540908953,7.155380675699479
0.19615155975334742,0.18232622444699675,-0.0033597604393496017,0.576213797259688
0.37074731803661565,-0.6948905794968048,1.0,-3.724600016298386
-0.4687248603918779,0.3807387103835542,-0.051521008912289945,-0.45648700526008357
0.2960836478044562,0.5564824677696856,0.5993259590725175,1.531810311494323
1.0,0.3329895731187711,-0.27152336956437173,5.039710810831736
1.0,0.00015845818168602754,-0.86670410777049,7.731428802385958
-1.0,0.9463981205214209,-0.2044266641856718,7.3074731956335075
0.7001504741676656,-0.29156937723309095,-0.6888887165573501,1.6707038625637334
0.8192247943732041,-0.11992659055589994,-0.452226137266418,1.6566375362316894
0.6107567588793794,1.0,0.8234301835398665,9.017540347290103
-0.11791710397080357,-0.39266321718011765,-0.25551951297151465,1.3497870629867461
-0.2923821951140979,-0.09740696022425466,-0.21751985888639291,0.06296640287684724
-0.5254747685013166,0.11815556077459877,0.4738445349037972,-1.017028497984347
1.0,-1.0,-1.0,-29.153613570334365
0.5660763029225324,-0.14400319172619458,1.0,-0.6367017454253249
-0.3146524578264902,0.4730674367776697,0.8569714340712893,1.039196022221876
0.6483237416328322,-0.7510152452445182,-0.994590004574734,-10.346264429139687
0.6464928836807755,1.0,0.6374021128095113,7.931584376195334
1.0,0.7353099227895232,-0.4542793832437546,7.478659001522124
0.30416201074021054,-0.5159677936874321,0.4178229970115266,1.169302382638214
1.0,0.8304752482664475,0.22672119212311448,9.390076251928816
-1.0,1.0,-0.29584418969522996,11.171926993312194
0.051434256524383715,-0.7103938106711392,0.8465629977301421,-1.0377351905751873
0.10990896218192381,-1.0,-0.3593215978970701,1.1842594721257889
-0.7780490512856573,-0.7953860794578751,-0.5659498538920231,2.149664348484066
-0.3633806221049609,-0.30892413129716667,-0.5635784737574387,-0.13240334670119225
1.0,0.0018376871212337775,-1.0,7.914365585404584
-0.07574325170820573,-0.3968848946326107,0.36153391161633697,0.48379811724575644
1.0,-0.07611389469822338,1.0,10.562164870358508
0.48774192111130543,1.0,-1.0,7.205221054499902
0.8163226552725871,1.0,0.9299785639901195,13.814647196004067
-0.027141253594180403,-1.0,-0.4347173447463897,0.6567253855150504
-0.5827436903633405,1.0,-1.0,0.15523948735217963
-1.0,-0.30752759647371786,0.21960008389772923,-3.2076515652601643
1.0,0.22423470243395083,-0.061724735555774624,5.297007746000446
1.0,-1.0,-1.0,-29.3283517030332
-0.2775119586276986,0.487211404047563,0.29246652967171793,-0.7268573452668261
-0.2924778998878441,-1.0,0.6938694911621262,0.41559973303170994
-0.5768397204872211,-0.3219523434953484,-1.0,-0.5834758137621774
-0.0009089322120665599,1.0,0.14769991572318242,6.9265098358750885
0.2067156091273623,-1.0,-0.8690784140626324,-11.295856336026825
0.055822741245095786,-0.5554851893848782,-0.6985893792370035,0.15276853600336204
1.0,1.0,0.5635484454202384,14.39887088448575
-0.4832889578983415,1.0,0.5267337632190605,6.549024091139576
0.9009404346714436,-0.3069233932741502,0.19905097821292816,2.785680352359212
0.6758685825054753,1.0,-0.6563852621369726,13.037567751859195
-0.6767920659409077,-0.7215432411998968,0.908052241560027,2.8980348912005858
-0.19421412155059614,0.02590559805991055,-0.24015285717034418,0.3316769983010759
-0.09691710636092532,1.0,0.6434233405360259,8.642642518005733
-0.3737125389007607,0.12279737266170065,0.8610831860668857,0.8670978424431739
-0.34859697778490895,-0.7530494137763477,-0.143726789015737,2.098291404074563
1.0,1.0,0.7133003267778071,16.87299721430993
1.0,-0.4340758529207538,0.5187420702275569,4.787583580717114
0.001612433779070388,0.6151238233626803,-0.015262193631560672,0.18088126378354946
-0.14544457388132104,-0.6809299894745093,-0.09225633421899437,2.534365509565664
-0.3008478682313873,0.9362362203475028,0.3348995200117173,4.1715756697118485
0.7346485877018094,-0.3825280584845263,0.5278694509085555,1.457997306266088
-0.08966685642934236,0.5743432158656661,0.2242002671193657,0.11653051592711325
1.0,0.5451657187835455,-0.5758688849291991,5.570211291462203
0.7580730465679415,0.2423993228469925,-0.9893292744814062,0.661560414033818
-0.4036483153132251,-0.5708363701269694,-1.0,-4.580876641537429
-1.0,0.3377792542315885,0.3384391310343031,-5.030777462323091
0.03281885881006552,-1.0,1.0,-6.363551278958007
-0.6731169591041046,0.7557608005772252,0.6066784060483492,-0.35396427809275255
-0.3448041330797311,-1.0,0.10163063916554926,2.8694682961870663
-0.20316511209676147,1.0,0.6955165178162142,8.72182604595687
0.23782110142210233,-0.6664674756534164,1.0,-3.6222707193872687
-0.10646794591028663,0.2898815017278722,0.8726965637293,0.24319133959265132
0.08723273415240929,0.5237888602080454,1.0,4.151144840499002
-0.5750872033221124,-1.0,1.0,-0.7482325606316951
1.0,1.0,1.0,25.61557281330506
-0.6288635245804546,-0.9830314606353605,-0.5159774497197411,1.8453963989850175
-0.8932981963814408,1.0,0.23663318907140685,2.5008319712645335
0.9727766712620933,0.4739259401245013,-0.8266653218334115,8.185580489634113
-0.17316613051316687,0.17574276782369735,-0.4179982181978037,0.2767448681389945
-1.0,-0.39268496180546886,-0.10201477341334297,-2.3332822335727323
-0.24435208830164834,-0.37802795742650996,-1.0,-4.208710198742945
0.7402480731468861,0.04695928448239606,1.0,3.2037531394531533
0.5738452117591659,0.2702557917052826,0.9793168695860188,1.7445141523405199
-0.8277184547009357,0.26488809832604954,0.0735009951139014,-2.4400741141510744
-0.42332840760133617,0.2844041804941444,-0.4002647708853928,-1.1672429304359817
0.1669439468208429,0.19392706926327596,0.4482077989020943,0.1354508568998068
-1.0,-0.7116397559274839,-0.41571288257426975,0.5935716375643668
-0.31301689860416615,-0.7657009424828132,-0.956508249201866,-5.366554485980003
0.10420394132382316,-1.0,-0.5816738831910557,-1.377265282541337
-0.07304642810738948,-0.6344813982028279,0.054066017952048684,1.403165215050228
0.6192849705244723,1.0,-1.0,8.206474484136708
0.044683533072672255,-0.8363627398410018,-0.6665724947644744,-1.3936441280452463
-0.13574762606167834,0.587925976944677,-0.32502608034117375,-0.020648680343760592
-0.26236667326546437,0.8161657837714871,-0.5418800255394145,1.018619905788729
0.09418073809113792,0.48378933246246314,1.0,3.558640276693146
-1.0,-0.3532545612251672,-0.6350980798982002,-1.2286077266513535
-1.0,1.0,-0.21298749808190043,10.290346953151504
-0.8675109020999583,-1.0,-1.0,-1.322636378536778
-1.0,0.48821503274961153,1.0,5.210752904714261
0.4043439738095371,-0.971842010699324,-0.40542550663188326,0.47388102324352926
-1.0,-0.06003573227500669,0.44349085895676876,-4.149264216005934
-1.0,-0.0434198460507671,1.0,2.933237151786251
-0.3330417135077772,1.0,-1.0,1.7285199421911142
-0.30165695193242104,0.36847600372401756,1.0,2.6943796074754673
-1.0,1.0,-0.6476013298955015,12.922938237007262
0.9441705062337691,0.48955685283154304,-1.0,8.437708536753094
1.0,-0.49148297702973975,0.6055677040856908,5.362633010124771
-0.6354650374872519,-0.5168940778329558,-0.4963360108986328,0.6175184158743319
-0.4840680840151417,1.0,-0.35355389482827615,6.155125039416193
-0.5445210692903697,-1.0,0.17938495626287376,4.129582941121043
-0.161696351056821,0.018440253558230202,-1.0,-2.8272722434712967
0.1663265844387274,-1.0,1.0,-6.943390552031056
1.0,-0.7418491251109676,-1.0,-4.650577278086432
-1.0,0.5558883513769037,-1.0,17.586097019489877
0.7029933003784112,1.0,1.0,11.5241263179306
0.7580807920988395,-0.14883572913080645,0.1865909992303525,1.402599090909163
0.6245610644295256,0.22297721382130176,0.25605941509298913,2.0738017214688074
-1.0,-0.3333617002682656,0.3455138106512403,-1.7126092446119237
0.17013854734855105,0.6841113186670582,-0.5000962651598568,0.862598119337127
-0.514798847220487,-0.47936328953608953,0.12737222171204254,0.23577495335521748
1.0,0.22312201497449857,-0.2276145260249498,5.00381519901665
-0.15854014603390354,-0.40553270045876744,-0.7652723362665941,0.05124474995771949
1.0,0.5490514848972867,0.03278584181319566,6.896057442109009
0.7621166761928542,-0.7905228766162409,0.034219337821237206,0.05601605391646769
0.05838666092770817,-0.6272869818730848,-1.0,-6.91556609333325
-1.0,0.9015645763462192,-1.0,20.980006328423034
-1.0,-1.0,0.3113879694179671,10.763787687508405
0.14965903839785177,-0.848849420034633,-0.029963819973707118,2.2631500617340783
0.6843358101910124,1.0,1.0,11.377653889896285
0.8924214802713009,-0.5512432717576587,-1.0,-3.243153250589436
-0.01470289764872601,0.21138723862356534,-0.4623739819104291,-0.10349992233692995
-0.117817598641484,-0.08840490620812136,1.0,0.0093332348418938
1.0,-0.22497543504571738,0.23369681977519607,4.772106139551431
0.9760014976537161,-0.24280639465602127,-0.2487327835765205,3.055679844166803
0.2227265682962758,0.7927567635051398,0.06002806137264893,2.529582029322963
-1.0,-0.7216419613095417,-0.5865601892467331,1.1291200014571074
0.5270222571589136,0.5340957288457782,-0.5894118670338648,0.9074722798113135
0.43283044336514753,1.0,-0.509472110517013,10.482726120200853
0.8696251990453248,0.4718204643405368,0.2600394649829627,4.554916604124184
0.9205416503382389,-0.4445208042554136,0.26390158499476746,2.14353555543515
0.739040182006266,-0.46636677441555574,-0.39754203094308793,2.0858283864076372
1.0,0.3185583539156698,0.6180908163903598,9.545804475514757
1.0,-0.3312348191433845,0.46871060754087757,5.468489304500329
-1.0,-1.0,-0.7318379292208825,3.2188057831181327
0.40811380704285183,0.5477901678062103,0.7805290782439465,2.438730010132396
-0.240373282615308,-0.6987234000924942,0.13026660473669938,0.7626237400458319
-0.9143353794141662,-0.5749050902984494,-1.0,4.672629185118431
-0.4828270140110813,1.0,0.549454267045624,5.856871334726723
-0.07832161237530544,-0.713542941686506,-0.3268687096638079,1.578838972070563
-0.4456842252107285,1.0,-0.5376927082969656,6.33530337358108
0.02479385087476027,-0.297894031099317,0.12180258327201021,0.766329244809371
0.6579664759814969,0.8922589238557335,1.0,10.287226215884784
-1.0,-1.0,-0.1861679916194483,6.176957568242197
1.0,0.06689516648697458,-1.0,8.774517597805302
-1.0,0.3787199599405755,0.31767284418527053,-5.189642115690106
0.17856456556476785,0.8101222098316279,0.2924760761783818,3.328697963501723
0.0352269389926505,0.06684182674607397,0.041816685813652166,0.010086814240209296
0.22195178821608574,-1.0,1.0,-7.91454704621729
-0.5696667475815416,1.0,0.3291400622993985,4.936485484928004
-0.2895418766114264,1.0,1.0,15.487597743622969
1.0,-0.5901671882762491,0.9746991683072896,3.8435625769897355
-0.9616221020973801,-0.492098292021262,0.34538091404879445,0.10918366707766339
-1.0,0.5613036030059353,-0.791732175424142,6.945710152393066
0.780776110883066,0.05599510620423409,-0.2107862238128171,2.044369221606024
0.791403658533693,-0.759036883832177,1.0,-3.6995015923655226
-0.10512222956376704,0.869022952671995,0.7603831663639062,4.455503949383916
-0.04664262628990068,-0.9571146270775179,-0.061681285096920835,3.0860917021666943
-0.05136466640418802,0.37616761614744165,-0.474918402272982,-0.275787588373044
-1.0,-0.018271428436342108,-0.9695497263037174,9.151761899599462
0.29569880216844946,1.0,-1.0,6.2199006250884254
-0.9161333142621997,0.8716494298641784,-0.36621758536344884,2.886031903453807
-0.5705319157160424,1.0,-0.2254074925097449,5.163185282600625
0.6949722095441087,0.5451325462991881,-0.3347780427256579,1.413214021543324
0.6609156603649393,-0.08481492467737506,0.013654825093696532,0.8591056061089659
0.5957271952560432,0.8298159191457093,-0.6400458011851116,3.445438756351954
0.019421038761911147,-0.2758873309335519,-0.16119667457508613,1.5486325392969833
-1.0,-1.0,-0.04214454901653264,7.978476677783059
-1.0,0.5942793346578907,-1.0,19.197925276979127
1.0,-0.5520400359111097,1.0,4.908021354599403
1.0,-0.725563116221215,1.0,1.732097655400985
-0.51139757558667,0.5452432510413232,-1.0,-3.281681048660051
-1.0,-1.0,-0.010337786920370018,7.674199063636724
0.7436311674719531,-1.0,0.5113481177309791,-2.6043884943641484
0.34820013153365603,-1.0,1.0,-6.3293642070545655
1.0,1.0,0.7400649874217162,17.619454522326127
-0.1392512744988288,0.6280531132393117,-0.08617329218662473,0.5086946511972815
0.5573189291787941,-1.0,-0.1110972687619014,-0.2947105855821355
1.0,-0.786638854885179,-0.8553762496574251,0.09494931351893582
0.635664561848867,0.18382871123271372,0.05937923195006212,2.0845424381532007
-0.3081734939949954,0.30609389485062954,-0.6178045177548703,-0.2889207217012526
-0.12368807942618543,1.0,1.0,13.963781792562422
1.0,-0.16190161149583537,-0.33974545269917966,4.2527011627943585
-1.0,0.81995302422804,1.0,11.649547142286735
-0.32312903769013546,-0.24350833595062693,-0.8941988519415873,-1.04127710349488
1.0,0.1646644298379749,0.18535022592967643,5.562643019874208
0.5562348823599479,-0.17924699345038686,0.5609628278679657,1.9419131187755754
-0.05804250703133951,0.2579634897521197,1.0,1.5614814525513385
0.07143310909047873,0.41312411117031744,1.0,2.0382543243180136
0.020833376536001813,0.2969003564360335,0.995746482703018,2.2833551257243863
1.0,-0.3717834325015259,-0.9492718545669525,5.562561485788043
1.0,1.0,-0.5412223688972959,20.521920335519987
-0.08120973537596576,-0.17889361682379357,0.014404289875168397,0.908850211892684
0.6864258223600141,0.6241560321286515,-1.0,-1.5069498251115474
-0.16006317814760052,1.0,1.0,13.804005130689363
-0.3821688948309516,-0.6648992774835516,0.6830213954108861,0.9452403932239816
0.12401609227481658,-0.6641882409837394,-0.17993650011513185,1.0708782664117673
0.4127736133932567,1.0,0.35335410317485416,6.294717729033888
-0.004872319580132789,-1.0,0.08263938050833275,3.03397000956178
0.5920137054380781,0.11109125624957805,1.0,0.9408499482222878
-0.3389805823613443,0.4664436586227436,-0.5376783528150817,-0.9433811069845383
-1.0,0.17655658649552475,0.28918261331539696,-5.624857199468755
0.6826670565774173,0.4906199040846886,-0.8167317599643293,1.754949632186874
-0.7981512479198678,0.27686215032636263,-0.21511955677661687,-1.6878707929987724
-0.1663375777576861,0.09507732035335392,-0.9100340761872505,-1.8504916010335892
-1.0,-0.5902200525729595,0.17178874744127026,0.2023548436609035
1.0,-0.6243065300306168,0.9424134865244178,2.9381971552623223
-0.7106270253095606,-0.3816671936854408,0.6188726219064586,0.5562081260541347
0.6127968764808471,1.0,0.48915142759354135,7.051741853896526
-0.5855711206405454,-0.1754104975092836,0.13210086104692076,-0.28807364472382085
0.09726299045987008,0.060470063189735246,0.1649735208679961,0.7898443135533959
-1.0,0.10542993337682982,-0.9807700914838411,11.855717934735452
1.0,-0.5511289651507751,0.5437932267230035,4.759046991882099
-0.11728275625154283,0.026762669609775136,-0.02736346808549661,-0.26054473432782876
0.59592121123067,-0.9619535419722167,-0.12489107050679582,-0.3080467048177284
-0.974148914617744,0.9526599797817772,0.35106711329263707,1.614877697739988
-0.10155781777584383,-0.7649815363727654,0.5510347396379289,0.21350180958659837
0.3160529970965851,-0.4829343622560205,0.582074649526227,-0.22258432187195853
0.7413124922554788,-1.0,0.12006987030236949,-2.1409093026637596
-0.749272034108976,-0.6274711360966734,-0.6090222284770979,1.3680036591660065
-1.0,-0.8140781195977591,0.19126297302737094,4.393515701832972
0.2132510647381074,0.8091547354691542,0.38355972201032396,2.632983426548643
1.0,-0.29432801549789733,-1.0,5.082673554267644
0.7997932379729478,1.0,1.0,15.31143228589937
-0.14693934652966978,0.5877397159356585,-0.5970660013007838,-0.30856100791755015
1.0,-0.8319787491143731,1.0,-1.3126855870830885
0.33043723911461376,-0.21079790305813484,0.11042533108791952,0.6291369733969665
0.8351303287147345,-1.0,1.0,-7.527493244878906
-0.3005225536477769,0.10833660267616052,-1.0,-1.879311237650164
1.0,-0.10014675530833062,0.22879725033958498,5.525249153155021
0.3817984504736496,-0.9864504753300938,-1.0,-19.46363387220389
-0.6274484286078146,-0.7455021304190668,-0.20116157257107092,1.972934041349985
0.06683331890628375,-0.06806796413587435,0.32640545654652753,1.2297733890670497
1.0,1.0,0.12154255234644218,14.409044463680551
1.0,-0.1937676436581779,0.33223783553099007,4.842943562300096
0.4247860066343021,0.333662655799317,-0.3022763684784351,0.9851964935586005
0.5276592251442305,0.960472480514998,0.1191144293435622,6.312453511899148
-0.8176434877689904,-0.02489318278545216,-1.0,4.757889120588183
0.2747724059700931,0.3436042439635507,-0.03641073782697668,0.2606635723971039
0.46441782270600185,-1.0,-0.1465906089714477,0.6055006357171153
-1.0,0.028749246945717566,-0.2351555762558366,-3.4609787393318947
-0.1480471523150706,1.0,0.5889508134536148,7.283881233874926
0.08310061306774896,0.5826060949615235,1.0,3.714682666390557
1.0,-1.0,-0.34049945215740385,-9.44548764022062
-0.21521627762943574,0.17195758978643916,0.44159113218913015,-1.0324162610375802
0.7031080670698471,-0.22067214033888982,0.9061654194357669,1.1442246606099986
0.39271171598464294,0.13065310872564173,0.035585072147412244,1.5809561023489647
-0.14548924676758834,0.18239187979803573,0.609945709422907,-0.15555222855468215
0.018720551654945572,0.9508480495229579,-0.5486397891043377,7.719167880332909
0.41530712681277104,0.5247283449816442,0.7751979258778177,1.5229821947979358
-0.36872791778565395,-0.26261868101785124,0.9322395775162322,0.6016268043299544
-0.24590231439419963,0.5179504161714314,-0.08792326430554565,0.04367049733687073
-1.0,-0.004459277237397918,0.7097797522371652,-2.6494726399123967
-1.0,0.4021202461014366,0.28111357677384574,-5.201008873165816
-1.0,0.4447575913749442,0.13089316828765862,-4.704754028692865
-0.2984545025931382,0.1909075963878517,1.0,1.9862438189340696
0.47461032523209656,-0.3927812103384103,-1.0,-5.147531426083164
-0.6108784558044604,0.3495783127304226,-0.8568246513007178,0.6326211181195984
-0.3459218938854862,-0.6616126630974508,-0.17129022010335837,1.6611794520648302
-0.21622592142180008,0.5755341353056911,1.0,4.997015318633507
0.30073166249145755,0.45339438090213124,-0.02214365987604161,1.6284684233815434
-0.02829148328743858,-0.5341837130004001,-0.5962374921674083,0.08326555333286201
-0.6465117550762502,0.7006163038133599,-1.0,-1.9574534037881652
0.47570277129728433,-0.1598064748011223,-1.0,-2.5872028823163156
1.0,-0.25605969850586985,-0.1922914231136854,5.06137335757006
-1.0,-0.510209394535921,0.23449022206027448,-0.7741473392891642
0.8809959153743503,0.9668740706804893,-0.600042137456313,13.529174666396417
0.07335376478275157,0.14598687809368904,-0.9909316885646338,-2.986110374805604
1.0,1.0,-0.6094981008676883,22.489780738001954
-0.8628720949625643,-0.20152997808271045,-0.7305738676658404,1.5586848368807205
1.0,-0.07825636099356492,-1.0,7.652386731986139
-0.7261634303395967,-0.5766301295211147,0.13818334186039816,1.3096568646571032
0.43963833889032844,-0.7169288156756448,0.5124633309968039,0.46891026657431745
0.45577998247914775,-1.0,-0.6436710959542316,-5.479956542204259
0.23055874188093384,0.6844645523737385,-0.48491041900878695,1.097783656924134
-0.701799257512359,-0.28637003777717407,0.990446939069052,2.18849094505214
1.0,-0.3818657355613899,0.3974143003022015,4.906482118057907
-0.7294140038993591,-0.7251107055067942,0.49275503042664903,3.7104309760474674
1.0,0.0530313310484658,0.25090375769352713,5.06460077875175
-1.0,-0.7173311150925008,-0.5195016331830282,1.303093208711128
-0.5627705508433773,0.35927132274534923,-1.0,-1.192874965224214
-1.0,-0.7329346322589756,-0.5358504361942273,1.0858413744664421
1.0,-0.884456465438042,-0.28333000885196946,-0.8301118340129587
-1.0,1.0,0.07719371506216155,6.908812595612151
0.728776215460577,-0.982930458178247,-1.0,-23.45930261693329
0.07485607859425691,0.09180030996837774,-0.7644701869840265,-0.14280404279899211
-0.21530527695250634,-0.3718283428902034,-0.9184378794584569,-1.5820119093141258
-1.0,0.184917153087248,-1.0,13.505058193863842
-0.9491514318485612,1.0,-1.0,14.648518326757968
0.010509446191500738,-1.0,-0.7270835159223732,-4.024451737281555
-0.028094343500143726,-0.26412165123324893,0.296493537176892,0.1596897531075092
0.9418129929596128,0.596193473427546,-1.0,9.189113842067341
-0.611490424251613,0.3324251942642995,0.9636150370086858,2.1692178466142304
0.5221511808019081,0.16874545761976534,0.18953631973429141,2.2658746003691803
1.0,0.6427059644275763,-1.0,15.05141209996534
-0.8101033798368416,1.0,0.7877250179001258,5.512943676239896
1.0,0.6174258320617005,-1.0,14.256325461374683
0.7268531842868706,-1.0,0.534863309939976,-1.9729233438622515
-0.3982421399800913,-0.6082995416501473,0.64674913614493,0.790807926485522
1.0,-1.0,-0.14589939350477654,-8.762517193314364
0.7114262300674008,-0.3500319568027075,-0.2179092665990252,1.018814784621638
1.0,0.903502725837307,0.07051176286914385,10.972400951388758
0.5106507757168257,-0.9263196161194289,-0.48141207708692235,-0.5722233122542099
0.3521440815719725,0.031700174020474536,1.0,0.18912930839848396
-0.21557170717487217,0.3780734200138567,-0.07323989240382467,0.17062938575407072
0.10032134251328229,-0.7331732892794705,0.06614248448971738,1.926120017242341
0.5917668738967157,0.20558221487940576,-0.2982406867387346,0.5728869555223098
-0.5597139929113708,1.0,-0.4305957747956779,4.374857433171261
1.0,0.8883551399085263,1.0,26.292172641989197
-0.8396392857053097,-0.9425427833628746,1.0,9.030692259049317
-0.9569262153256801,-0.11876835542339026,-1.0,8.321735950951497
-1.0,0.37640965149651273,-0.23667573593462143,-3.470777917591577
-1.0,0.8336993383578701,-0.06787471019752589,1.841801702951376
-1.0,1.0,-0.670615866908367,12.916141697517617
-0.6846096494087672,0.3174797132215208,-1.0,1.4024607289526925
-0.9394797696165755,-0.8927673151487092,0.1378601788295053,6.428825699249065
0.8996660918238601,0.04283090921784316,-0.7973189537402574,4.549284621431566
0.2929771284667766,-0.44492695385387715,0.6029730105983022,0.35686504297199473
0.9698167735489627,-0.2338346621353644,-1.0,4.039717862328429
-0.21702578998681155,0.10596991687017399,-0.4360358886322724,0.054098733900902196
1.0,-0.9840648940202084,0.13310706708013775,-5.926782715929762
-0.20092429914425747,-0.5083664496383022,0.46948707934586054,0.2138738791187843
-0.8708978874970745,-0.3345902381938297,0.930390871364214,3.29992871289874
-0.1501828040797457,-0.01653912488806819,-0.10251390073560751,0.7778475358281809
1.0,-0.2555594904863743,0.516632825368954,6.4716714343017
1.0,-0.9182367322972251,-0.5632686215447262,-4.560772514612766
0.11872584882004888,1.0,-0.8040718867284244,9.48239069253547
1.0,-0.9646889654344326,0.6415893780034392,-4.005178154373828
0.6867816509374365,0.4980395536536846,0.09709522867570497,2.0098647510545966
-0.32594805956523865,0.197136657242857,-0.43440460909928014,-0.006243461175890724
0.8619828514253878,0.17682782483789383,-0.5709204491680742,2.643210608012913
-0.3983620905348648,-0.07132159891703838,1.0,0.8584516252630667
0.8578794189253771,0.40637783824557827,-0.7880631007618211,3.5238743145887836
0.08089602266827423,-0.05408393371142739,-1.0,-2.864686101519009
0.7455949798761228,-0.10182936150997812,-1.0,-1.4114169220197736
0.24305250069375273,-0.4932385321543993,-0.38714018620126245,1.242274698630366
-0.41002178079869434,0.944796839997228,-0.21003963685580418,4.274188894952668
-0.294650398665264,0.19963395821908692,1.0,1.3004386910162493
-0.7785773455935172,-0.9987613384196565,1.0,4.983034273539983
0.03175297784457487,-1.0,-1.0,-17.890144074012774
1.0,0.3897470946004573,0.4370445544539505,8.40618136291704
1.0,0.06771976731529605,0.2968425815778062,5.74362738684144
-0.33949421898937815,-1.0,-0.634268872049921,-1.2712796084742846
-0.3883538961973907,-0.016266830020130962,-0.010786710821632406,-0.17080548147944746
-0.08012852938963722,-1.0,1.0,-6.344116874221064
0.2752830494084191,0.9936651883624326,-0.20366487317419324,8.882709485012846
0.28252222389402126,-1.0,0.3278894942130517,0.44649522506549894
0.5828481834236614,-0.08677109577223985,-0.23577533460257993,1.3190536189729363
-0.40473521771939414,0.009748707099140441,1.0,1.7660374765428242
-0.24361664343262457,1.0,-0.5811166268113794,7.9394353983368795
0.2752250354930761,-0.8797102312178067,-1.0,-13.018640605410955
0.7231538485090196,-0.44659353613167174,0.18864102424721296,1.9666845802535904
0.9035131233421625,0.5770334063478197,-0.5533065035803308,3.6657792684915727
-0.31317168814677077,0.7855461396342303,0.30543751535100183,1.5814381174526047
-0.002562836917380462,0.6317205538522506,0.6957374339555182,1.236970984109152
1.0,0.6518726673672455,0.2996556385544491,8.982585378070553
-0.22943553344081846,0.5044754459642513,-0.8854901611793282,-1.8813332245641796
0.289008565377491,-0.8530988838267766,-0.2123966166486404,1.628359834999661
-0.669617266032223,-1.0,-1.0,-8.57789324145515
-0.5956520171842392,1.0,-0.7554831709302017,3.409139141676489
0.1944444442932025,-0.5308374975736381,-1.0,-6.165265054740969
-1.0,-0.6545285991805485,-0.4395331700270877,1.4112652999953972
0.2212614751468689,-0.14085928560212024,0.5396071980547565,0.7976646280206409
0.273380556396116,-1.0,-1.0,-18.803628418310744
0.5345014534480832,0.2158383303528446,0.9613118341230407,1.2394785036735392
-0.15154281923272706,0.7156556823385662,-1.0,-4.273777860468371
0.08577184225263168,-0.546891887330232,0.20261692441033086,1.2380198793583537
0.22272583045971395,0.41289016059995975,0.5779297185638448,-0.13198967169322373
-0.1915557745596228,0.6022693471902889,1.0,5.168313870631384
-1.0,0.735713257541698,0.4952998222881193,-3.2602875966589733
0.030550595414706505,0.8488849836665489,-0.37101877756693513,2.7559953477190846
0.7644060624391658,-0.4058563070764438,1.0,-1.127403625935217
-1.0,-0.27334906523502633,0.5741550234238226,-0.9442443391484001
1.0,-0.1348159876598385,0.0843429052007334,4.509456947926105
1.0,0.4134696702733458,1.0,20.520769507786525
1.0,-0.056784001859091715,-0.12989350854686998,4.840503323549976
-0.7951094174728339,-1.0,-0.4084406436904582,4.6122714790562584
-1.0,-0.19943032601050015,-0.8299974633393397,2.6294171726950806
-0.6139907522940977,-0.3496052682922959,0.11970082946008187,0.023061535944049028
1.0,0.4979661916650091,-0.7802175903925104,7.59815845373703
-0.2682270705017715,-1.0,0.7942421719944783,-1.0738094740822854
1.0,0.31406284163804576,0.6149706980192948,9.979641290446649
-1.0,-0.6045434176511213,-0.4764444627264166,1.030405829635955
-1.0,0.7504378230581086,0.5643927620961167,-3.3412752650300495
-1.0,-0.05738900982105921,-0.9296620446357013,7.1571015877277135
0.03644201135744907,-1.0,-0.5019797459963782,-0.9025848833891711
-0.17899603963009847,-0.16552349238881225,0.23137679050225146,1.0212845725861248
0.23390426837934242,-0.32806095670762025,-0.7218636659580899,0.5674838910275589
-0.15557755883287028,0.3209521277432841,0.3979237440421368,0.21112448144071652
0.3699123645572113,-1.0,1.0,-7.369861617315559
0.6181577466088477,-0.10364526194121493,-0.9179808283425226,-0.6597594631052239
-0.09185967786010796,0.8221041372711582,-0.8040917915282026,-0.16517481805798018
0.8598021443487105,-0.337982138596294,0.25994043187488614,2.447760960221533
-0.23205804760041304,1.0,0.3249613235157043,6.662409377416133
0.040792214085103584,0.7199350665872153,-0.6037281850163536,0.9085351462172038
-1.0,-0.4651227461030809,-0.019647310035442844,-1.208538816083728
0.49133099662167656,-0.9209726476271956,-0.48097081294378774,-0.35206519173448836
0.05182191898998223,1.0,1.0,11.370323889798362
0.3044551268308342,-0.9278570795013006,0.9672140640000761,-5.1194414301261695
-0.2837475704449106,1.0,0.014649586050755614,7.280379793814278
1.0,0.19246077108064874,0.6597991330463873,9.018500793524588
-1.0,0.12038578970053315,-0.5373871558190912,-1.26523802547852
1.0,-0.19754767985828114,1.0,8.848170587289097
1.0,-1.0,0.323592062363778,-6.603821052596015
-0.8084878034534939,0.3383045097412667,-1.0,5.171029433571601
-0.49584981602621636,0.014433254168211729,1.0,1.9006125961469698
-0.35887518075498237,0.17400226834826094,-1.0,-1.8238804788476195
-0.8972182209651505,0.2429619932775655,-0.5839695426020481,-1.1918441908999198
-1.0,-0.12967504945935548,1.0,4.670402592245751
0.9027491940591001,-1.0,0.19319038111038833,-4.92939812198553
0.41235903651209393,-0.912524843566809,-0.9897488627068762,-14.258500212365982
-0.5932215664915481,-0.4593423746750973,-0.44059698567147776,0.861969573306226
-1.0,0.0420365719781548,-0.38300699795401005,-3.4749586338639373
0.5913126157773201,-0.5399255642818352,-0.44276398059076194,1.7147437612030925
1.0,0.8544900056017257,-0.0024368196820658827,10.403660318307633
0.28372338055504476,1.0,-0.44975754948302504,10.13105813620919
0.1582574935021328,0.7216226832682726,-0.6677343428534417,1.4254814550451647
-0.905988896840545,-0.8337403304666113,0.47051092567709385,6.592797994488253
-0.5149506031032647,0.3588123074116718,-1.0,-1.7248422284733773
-0.33558575515194367,0.046191425926179086,-0.08549411052797273,0.6951603142242584
0.13882968302708631,-0.02503626081597754,0.11472368063551697,1.365972771191672
-1.0,0.48635077039491814,-0.018089358242924902,-2.6323646628302617
0.7301254176606624,0.9891866316619178,-1.0,12.57957538362216
1.0,0.8797102637161602,-0.4615009081525103,11.592320704727497
0.6482356681395691,0.2810444333771982,0.28683755052865023,2.492043447724253
1.0,0.6579575162646136,0.690360754315348,13.19135157751949
-0.6009427611128195,-1.0,0.10056565539926465,4.660090108902499
-0.7906302190486776,-0.44720311529974,-0.04963982398857025,1.3172811539902671
0.27808340404689336,-0.32510813516427683,0.8907972751684605,-1.422997318450721
0.6992514330175856,1.0,-1.0,11.769501700444385
-0.27331251374097,0.10619077159650203,0.37949159459173476,-0.3086251536376614
-1.0,-0.32411469618748323,-0.3180741386732706,-2.48457611717818
0.09531171872100597,1.0,0.6009700254873969,8.134285410558043
0.67682073166265,-0.9281595868270451,-0.7471448842807382,-6.140532186666222
-0.5558802977911395,1.0,1.0,16.203324473991557
-0.8974872497313344,-0.36002430276076347,0.8825161974158795,3.044556463863433
-0.06551977923854335,-0.26144632235265397,1.0,-0.9267013770859083
0.46386741728122205,0.21323607221438112,-0.14077829466540104,1.5009900610494036
1.0,-1.0,1.0,-9.871865084656577
0.4945717119096613,-0.29132838398150307,-0.17689971726573583,1.0019231687842167
-0.6087359703529855,0.006765413607896287,1.0,1.330328668874984
-1.0,-0.6507915119647742,-0.42799076920526047,0.5001283359692775
-0.10417396347018237,-0.8473533039142316,-1.0,-10.64033978083313
-0.7513627149076341,-0.14956288057095235,0.212074218856245,-0.9707453008244664
0.3711094968046451,-1.0,-0.40125542090085964,-0.613269186642317
-0.842568529960122,-0.4360539832816843,0.3369275517146304,0.34808711781750945
-0.5375707063910258,-0.09248746030225852,-1.0,-0.721899086032765
-0.2745433571676119,0.601911635739582,-0.632977556822911,-1.1817065546215715
-0.6323441051424818,-0.9757052696006934,0.03207121137217661,4.928429077191094
1.0,-1.0,0.07821437903171513,-8.652609726352875
-0.06440282664261376,0.08542130353148103,1.0,1.161858201723663
-0.6437408109260989,-0.685316790942782,-0.5539066759465869,1.4756143918553004
-0.982926684045041,-0.006243584914881417,0.33775866893147577,-3.6913496215722095
-0.005121023444129014,0.5025130724660085,-0.3151946054299133,0.25037912938630513
0.2595899483355155,-0.10081416686667932,-0.22499686763519722,1.1038424284740098
-1.0,-1.0,0.8920670776074056,20.075854292874254
0.47424218979153454,-1.0,-0.2079199547624897,0.3569499720673288
0.21586268481311666,-0.8491067657988602,0.11676938502623213,1.3079445419273237
0.6851362701900967,0.5101530408599413,-0.708003264299703,0.5832207123681671
1.0,-0.5921113652189107,1.0,4.423244298166645
0.2639221858268519,0.39076490820876497,-0.4403902768388004,0.38475815436341093
0.733246397776177,0.17775030811561177,-1.0,-0.0864850129171093
-0.489070070112142,0.8288232631944821,-1.0,-3.8519841851968804
-1.0,1.0,-0.4510427711121068,11.590234435347789
-0.701208266048688,1.0,-1.0,1.3300334273979957
0.3839396510637121,0.1654578929040993,0.3233595256419506,1.4151327003845124
0.0795147600589925,-0.14746622331888837,-1.0,-2.964329204524553
-0.7448832338997904,-0.28041433223790624,0.7574454605979901,1.1994406192137648
-0.8193183275717983,0.653297013113963,-0.3448480518312371,-2.591719689293538
0.566333758441596,0.8113841018122923,-0.26082882172520216,3.9596113792077126
0.7031709654829188,-0.8192996630129703,1.0,-4.555408978961876
0.06791542293377484,0.09762665857079345,0.4416720409952546,0.5572869814966779
-0.06609617330799478,1.0,0.2138808027679393,7.028227867042817
-0.7928878171361045,0.9885404039355072,-0.14569174641417515,4.231128641775498
0.3370844942048723,0.09074336532735083,-0.3932278819021362,0.6538464722381716
0.2200192231334439,-0.7071802527453233,1.0,-3.487534049391227
1.0,-0.4385596895561146,0.10692966526777603,3.930276827979915
1.0,0.5637523010726537,0.7713280260080244,14.546538938212386
-1.0,-1.0,-1.0,2.2464423709945747
0.8293276136190009,1.0,0.4557933314140663,8.236240092878644
-0.07773802626396886,-0.5697378837317932,0.1868051729772895,0.8233935135719448
-0.6633573904766612,-0.19392369207332738,-0.14984819580737052,-0.3271426866214854
0.6037088989885395,-0.5929952690142823,-0.09498972576724518,0.583853661518229
0.18069202208218815,0.9372323020862621,0.12299144851343757,5.748167019313847
-1.0,-1.0,0.3958180654289707,10.977416824065706
-0.3098413579614927,-0.0601945247169271,-1.0,-3.290964798472743
-0.5183351949070627,0.012652360499050053,-0.10117747839617519,-0.6067191790436364
0.4532876323683339,0.16819237668736808,0.3304757223563384,0.6802023819978924
-0.9545596860960703,1.0,0.35623076118190444,3.3839235255663698
-0.7977762665171924,-0.025435003391458766,0.64759135979365,-0.28520460526500335
-0.20297136892488354,-0.8776564850050841,0.16975384745853916,2.081396856993195
-0.35446211182205545,-0.3830442978234301,1.0,0.19443795336627723
1.0,-1.0,0.30943978350478574,-7.550194323366706
0.9806001430137681,-0.485290646069759,0.8178024071493559,4.529936705520277
0.034784346864748406,1.0,0.5944189810372431,7.5602680180134545
0.2598438440175652,-0.24756341483642585,-0.625297919320494,1.3860539553584457
-1.0,-0.1221119948073568,-0.21681673075767516,-3.3813107501345154
0.6914699896414604,0.132348494308979,-0.9282386551042094,0.3583174286361168
-0.5750266683756138,-0.8840237775910282,1.0,1.1814350429483609
0.8745679827625776,0.21851825666683222,-0.8593306298604162,4.119748157046774
-0.3605398140520957,1.0,-1.0,1.7512790487500751
0.3273656215289875,1.0,0.3090107601332588,7.02195750237156
-0.9871440895685137,-0.24923008239750222,-0.18669287157404835,-2.8762889501531337
-1.0,-0.44494289981865043,1.0,8.028486895533309
-0.33583647700885577,1.0,0.7812400167662203,9.563756113169935
-0.8391007245180788,-1.0,-1.0,-2.574043344826783
0.11077727446392216,0.08817745518881748,0.17365108681880992,1.328637722502516
-0.3467152019295232,0.11660563990134887,0.8658775365573068,0.32488817573035345
-1.0,0.17080426767482138,0.2404388392664656,-4.762654738021177
0.7551832853482741,1.0,0.5934267928737276,9.053831355741318
1.0,0.6340394463647514,-0.34284584791086736,5.9728773488140785
-1.0,-0.25418600633336097,1.0,5.9304727305368115
0.38309125607509875,-0.4183924404593191,-0.8927994148263516,-1.5785496801697083
1.0,1.0,-0.5807676015255772,22.719621593263753
-0.43573080963580857,-0.8828481257790626,1.0,-1.1389196547099796
0.7816458888087983,-0.1720500599096022,-1.0,-1.7784241169452564
0.8107758450633253,0.2187248828270918,-0.48645124436730125,2.0245431612287113
-0.4675046541393879,-0.4957406790780896,0.43924324245140745,0.5152098790171925
-0.9436228265338538,0.09839497700129796,1.0,2.9013180771287073
1.0,0.8475017367722029,0.44064615914854843,11.58631355480207
1.0,-0.8636012829913524,-1.0,-12.268388110616973
1.0,0.13813304372483937,-0.31223334716681417,4.559302483306887
1.0,-0.3513896130306382,1.0,6.915010849144534
0.880310118203923,0.7323862044831948,1.0,16.287273720572248
0.6120843203781556,0.6685366936053643,-0.8229804814337638,1.839363332826626
-0.19780252134586673,-0.48912775920027807,0.05388773386777057,1.6513822756873004
0.578933720909516,1.0,0.2621521538609166,7.122382319373062
-0.8208002249903343,1.0,-1.0,5.373111839482779
-0.6801471085929938,-0.3139504929724848,0.3261324322479835,-0.11865444474709239
0.18381983968813698,0.4799111248741512,0.679373328405174,0.7825920780519844
-0.6574088676570993,1.0,1.0,16.275757333507748
0.4533022184454458,0.23566320511436456,-1.0,-2.825801292354888
-0.5946109444334295,-0.16400013467657892,0.284995655435057,-0.2630654639393108
0.12354557094538121,-0.02378908863098017,-0.7022423715543269,0.3084815041054125
-1.0,0.2760666829021208,-1.0,14.223950921130637
0.5523216700674418,-0.9520755532066192,-0.9240446749967997,-13.68941883511829
1.0,-0.3926701579773808,-1.0,4.171317248636484
-1.0,1.0,-0.07963993270498504,8.985919295385221
-0.8322182152783599,-0.5060238014846619,-0.4514071558092818,1.140015362498656
-1.0,-0.37346693156539024,1.0,6.611521096483651
-0.6389155839356011,1.0,-0.11389804532803471,5.125527770409356
-1.0,0.023035588283640607,0.24344411884499473,-4.366287306252724
-0.14120689928693642,1.0,0.2458229047543936,6.616915906007577
-0.0820786753652536,-0.3935887212829454,0.6147481051714281,0.19299202845647118
0.11468538895547464,0.4843938968476198,1.0,2.927877762047683
-0.5916219024800378,1.0,-0.136567120746526,5.520007658061472
1.0,0.596574027523098,-1.0,13.239159485780295
-0.18728905794695416,1.0,0.5734181596659516,8.524064871708509
1.0,0.8983284306644319,-0.35801997951849374,11.963755904184689
0.200655041108194,0.14925349709855684,-1.0,-3.182523925730798
-0.22995947408584794,0.1435122654455625,-1.0,-3.209518985363924
-0.11253302679146171,-0.36769589340492503,0.481329426109244,-0.03790227457437523
-0.3833727589105691,0.023446007961772652,0.026748352211223514,-0.04555509418554898
-0.9517198712295871,1.0,0.5973419860274969,1.0405725240555213
-0.3555605032524394,-0.8521464179245153,-0.5962276035081886,0.5361458210970744
0.469117315896056,-0.5662337407431635,-0.5188027017776631,0.5425407591215501
0.9119878603620297,-1.0,1.0,-8.185428878360305
1.0,0.5187712990221853,1.0,22.991798313082292
-0.7234887256521592,0.3460380633647464,-0.08965710518842829,-2.18237979051691
-1.0,-0.87297806004715,0.1913986220460524,5.673905319631874
-0.03653960335552031,1.0,-0.1441188877023194,8.915057756126945
1.0,-0.27588589743176484,0.04122138491341576,4.670726007859605
-0.2608893081132331,-1.0,0.04219473740404989,3.954707937506564
-1.0,-0.40574517955463163,-1.0,6.070031043599581
-0.5022069671977769,-0.9711438135138994,0.6678833922233489,2.0517286987514107
0.3544029153868491,-1.0,-1.0,-20.9574166798397
1.0,1.0,-0.27223067312827665,17.20028104502664
-1.0,-0.5855716078967061,-0.037431234834059524,-0.6130729595040824
-0.42689757556244423,0.15611747012673227,-0.5210918445389332,0.3882290103652836
-1.0,-0.12476399540973881,0.1366810479055489,-4.548634145406273
-1.0,-0.3417003844242239,0.1396126667599784,-2.9721036573456425
-1.0,0.7639995551498275,0.7236484058702639,-2.1087222784477277
-0.6477308250303195,1.0,0.20138056279162386,4.955222595475915
-0.4618021850938998,0.6033075115682103,-1.0,-3.359753076878511
-0.6717585560166213,-0.0149791354801454,-0.5835288276635215,0.4773320853577267
-1.0,-0.5212475388021283,0.0037055430254238075,-0.3517585758235905
0.656045125707615,-0.35130751847852815,-0.2382236662216104,1.5521642212687394
0.400925999751526,0.4458721865264399,-1.0,-3.794458668902179
-0.500627221089122,0.16577976735496658,1.0,2.7397778207822787
0.37422350223599654,0.5471798236179481,0.32753925482386914,1.1983120194600692
-0.4809241946446883,-0.7886597886214788,0.021927520423790314,2.4182217074115724
-0.10546810103478377,-0.3075643250475171,0.010411792237638329,0.8539878508953942
0.31021615638667766,0.21713011522252024,0.7130438393175169,0.20428589140833808
